ref_code,token,blockchain,source,2024-09,2024-10,2024-11,2024-12,2025-01,2025-02,2025-03,2025-04,2025-05,2025-06,2025-07,2025-08,2025-09,2025-10,2025-11,2025-12,2026-01,2026-02,2026-03,2026-04,2026-05,2026-06,total_dr_usd
-999999,spETH,ethereum,sp,,,,,,,,,,,,,,0,0,0,0,0,0,0,0,0,0
-999999,stUSDS,ethereum,stusds,,,,,,,,,,,,,,18189.707755905507,38392.69112774794,34483.22990336034,2567.498843936495,2940.9735911145144,8379.943235092931,3403.7477577220584,3088.4834466001053,2931.3198152382683,114377.59547671815
-999999,USDS-CLE,ethereum,farms,1723.6920202524464,9340.458411692249,8895.985037401835,6963.367239195586,6361.5054967709775,4467.28289007443,4218.210859257115,3861.685888545295,3898.7624365131383,3475.118244884933,3432.990434304532,3003.4071595807663,993.1211996278436,1837.3868721759745,2071.6401138393558,3043.555905946383,3577.671967725463,2132.665476014649,1631.1025462245539,1235.529987281137,893.9614049883403,731.8733595275276,77790.97495182454
-999999,USDS-SKY,ethereum,farms,75116.03443617138,181366.6355993637,148973.66017993915,109451.23108192331,84897.86629267626,27842.189682601907,25897.554620375224,24371.989009874073,23359.284325510216,17346.651770641405,14825.209311820323,13868.566646110778,11976.462017914973,11049.742973151673,9515.9477855527,9891.875621975152,8027.601556603575,4570.906514113384,4471.409977448357,3634.3821006577014,3717.3555294356265,3584.6962025791618,817757.2532364402
-999999,USDS-SPK,ethereum,farms,,,,,,,,,,182.2250906234949,25651.738095080127,25559.71265035364,13171.135908265445,4351.436152677302,1463.1243687486553,643.1814057557207,445.268378188312,208.5922308892758,351.4855199287977,397.73319432184815,172.48471755420894,121.17341196154148,72719.29112434837
0,spUSDC,ethereum,sp,,,,,,,,,,,,,,,,,,,,4.772900470832357e-7,0.000014911404290302684,0.001148618918347173,0.0011640076126845588
0,stUSDS,ethereum,stusds,,,,,,,,,,,,,,36.67546250137465,64.43892638482573,55.30583890452396,0.004870332829624501,0.004434183849103175,0.004937199097313404,0.004801662105313361,0.004991336380264063,0.004855363181039349,156.449117868167
0,sUSDC,arbitrum,susds_susdc,,,,,,,,,,,0.0010372805599828737,0.003364659692958587,0.00001537769459236601,0.0014016901044888715,0.00001549511896085086,0.000016068558612250335,0.000013442145887822704,0.000012179838859553775,0.000013526887505251926,0.0016670788740985269,0.0027582104523308183,0.00016141871925814754,0.010476428647535922
0,sUSDC,base,susds_susdc,,,,,,,,,,,0.05031571988001555,0.033503467755670965,0.03139302729884479,0.03558884686803362,0.0331681663542231,0.06186643074019202,0.054499361690501846,0.04651006136623647,0.06617467514697369,0.10981983239118792,0.13088085808793906,0.11387970751542996,0.767600155095249
0,sUSDC,ethereum,susds_susdc,,,,,,,,,,4629.5020043436925,9198.895575801715,15869.134978256472,6073.459399367596,3854.217331758848,2227.2997456141916,44.67297535902044,35.64612998933984,31.826023116368166,34.70003843313545,29.688496867884382,23.592500680122992,16.979064307565682,42069.61426389595
0,sUSDC,optimism,susds_susdc,,,,,,,,,,,,,,,,,,,,0.00021171893181911282,0.00040384045612428324,0.0001475005833231122,0.0007630599712665083
0,sUSDC,unichain,susds_susdc,,,,,,,,,,0.08533575751636205,,,4.3500542443472247e-16,2.5014665343124112e-11,2.898109311459772e-10,3.791236166364754e-10,2.1492075748293662e-10,2.0192234293307064e-9,3.2237785473714727e-10,0.0020247839942231817,0.0031284952771767063,0.00003831651329993051,0.09052735655153356
0,sUSDS,ethereum,susds_susdc,474.5074003822151,8164.179615833277,10401.038998041564,11525.336631591696,32263.423390345357,18255.40741832472,8292.155016715971,7586.504210698294,7915.770444780208,4693.855075672737,4442.017386317571,3968.4720882222678,3757.215886906588,3550.31251236605,2687.476135083975,2823.034588043094,1962.214307494293,1004.4635239598526,3118.9311782473906,9686.652415387507,14812.28084932782,7210.632619214879,168595.88169295734
0,USDS-CLE,ethereum,farms,,,,,118.4355573440726,13.692982902488524,0.0005080705250888329,0.0004916811533117738,0.0005080705250888329,0.0004916811533117738,0.0005080705250888329,0.0005080705250888329,0.0004916811533117738,0.0005080705250888329,0.0004916811533117738,0.0005080705250888329,0.00042360231015337035,0.0003826085382030442,324.5719582459788,1121.4381124454737,340.38485218245245,171.04553525016163,2089.57481972924
0,USDS-SKY,ethereum,farms,4.401314091599466,11.203737004808728,,0.000002462503109503134,3524.6171423948526,3972.354163381988,4539.834965420368,5560.125177195898,5410.969680679668,6411.146737140767,2890.874700574073,1773.4041185570652,3141.946773080427,2492.1769560649745,400.40465450305976,112.58876518670374,93.87074582121544,84.776512549346,4.305060941002724,0.21051423973706793,0.21832827918148145,0.2112854314659498,40429.641335000706
0,USDS-SPK,ethereum,farms,,,,,,,,,,0.00019453477318019495,0.0010618673974356605,0.0010618673974356605,0.0014587430536138566,0.0015699379225244923,0.0015192947637333797,0.0015699379225244923,0.0013089311383739147,0.0011822603830474066,180.5964086193762,179.82666709926752,115.57689776385295,99.15189580086363,575.1627966581123
1,stUSDS,ethereum,stusds,,,,,,,,,,,,,,5515.856264150468,2822.8590953099074,5440.326377182756,1800.5532416249332,3037.922469958643,2945.7939443625082,3010.982579412555,3711.5454371763744,3042.0470361461444,31327.88644532429
1,sUSDS,arbitrum,psm3_arbitrum,,,,,,,535.9419288652738,861.2765393717424,644.4863268171068,574.4445073721081,591.7783072205027,477.75243571570115,383.5199538042522,727.0902319084746,1140.0446825728966,2043.3924753398976,1193.0077982823661,1321.9055431934646,1959.3635230356247,2150.9936754525097,2524.2344706520844,2330.4538811640973,19459.686280768103
1,sUSDS,base,psm3_base,,,,0.00036451134595775055,469.1722703103379,4723.91913712946,1855.614513791255,1083.4234887484358,835.8668822284419,830.39591511647,775.1563998714755,584.1816571410624,529.843747304877,366.3313751652312,441.15151636903187,730.5356576492204,675.0870302695014,548.0754876135851,543.789416529976,451.3867397813677,430.04044721069175,374.1196284157232,16248.091675157488
1,sUSDS,ethereum,susds_susdc,,,,,25835.258305125182,62295.2407600749,37002.497072854974,32154.285216022283,33695.01579598652,36406.37829452243,37550.64571145952,36694.48773692461,63448.20571542305,82214.12938525208,73772.50607104281,95448.48059578567,79435.66012196196,64674.782912867195,94380.41061425024,91571.17625227798,101000.03902410327,95011.32035248684,1142590.5199384217
1,sUSDS,optimism,psm3_optimism,,,,,,,,,,0.004615324176179442,2.2821634090717122,1.18910064030647,15.585605399382121,20.76315665695657,39.21358384550319,154.27364645383463,129.08676989812355,111.4513817904673,149.26474075168844,138.6032200449473,140.8413233912452,144.22428675124854,1046.7835943569512
1,sUSDS,unichain,psm3_unichain,,,,,,,,,,0.6158905014723962,5.902570643632141,1.2115022493141478,0.8835414079367933,0.8635526814852014,0.10475324264937384,0.10775513406631328,0.5523649185591669,0.5117144341828732,0.5682695572591383,0.55159729300586,0.5717047320518562,0.5549077380319916,13.000124533647252
1,USDS-CLE,ethereum,farms,,,,,46.59510060761274,706.7903577216373,3579.5589954962184,4302.142483796068,5162.989467549458,5320.316723974892,4189.404510499298,4210.4721531340665,2881.1467749746353,6856.119280847898,6485.803069235147,5954.684275045502,5139.569418021427,4193.825801997757,6259.944050521851,5552.85434194411,8195.19685678184,7045.9315796469355,86083.34524179634
1,USDS-SKY,ethereum,farms,,,,,2539.2014803539228,32015.58823050835,120139.26551698534,124790.53944289174,112970.08649062597,102638.2171554632,89079.95684317105,45345.64020189439,47740.6665418796,48216.00590768282,28350.573275756287,29287.411609004812,26939.33549502676,5782.404728469448,2741.322685099765,1747.612625557761,1012.7506996229465,657.8992651853764,821994.4781951796
1,USDS-SPK,ethereum,farms,,,,,,,,,,975.9058319672391,72849.96362410365,72140.53933635172,15732.001000278398,13130.821950005085,26928.25479347305,21642.30432474869,14315.545141962413,17223.42714005231,11831.24961987136,11558.71954463901,12022.194630382746,9177.875271574363,299528.80220941006
2,sUSDS,arbitrum,psm3_arbitrum,,,,,,,5.584834287816195e-20,1.342676315581401e-19,0.0008315622085926168,,5.266794807864408e-15,3.1486455206801856e-14,3.0502274149517323e-15,,,1.316918434992892e-22,,1.0013989983283447e-20,,,,9.89562860964748e-24,0.0008315622086324205
2,sUSDS,base,psm3_base,,,,,,6.775883427292598e-20,2.1865086442219244e-15,3.532554813434294e-15,0.0001479318026454815,1.130213032325851e-15,4.012146439280898e-17,2.24049675102827e-17,3.473282424712324e-11,5.0442706679524894e-20,4.8645035373804695e-18,6.3533664738397775e-18,1.7865933402964944e-18,3.009733848924079e-20,2.868164681299168e-16,1.7508423019476646e-16,5.3266495699606836e-18,8.177452039054957e-18,0.00014793183738570615
10,sUSDC,ethereum,susds_susdc,,,,,,,,,,,,1.5025358710190683e-7,,,,,,,,,,,1.5025358710190683e-7
99,sUSDS,arbitrum,psm3_arbitrum,,,,,,7234.4888124699,46258.95145593214,41395.63150163774,41805.00476867011,39093.00769075137,42547.19007589945,38165.943763666095,31613.015195787924,22463.5853642078,20535.772808620262,12210.935864386025,42902.15295499344,88879.51688819332,91834.41656525388,89114.02844772441,93529.32404212536,89253.12462805132,838836.0908283705
99,sUSDS,base,psm3_base,,,2149.501825006988,49083.48438506655,45595.58933420588,34828.860986378444,89369.02050362718,91184.72108566965,93396.90499537553,91039.03543187365,97160.7035844627,103751.30199160098,100708.2433469521,105972.84763993004,102018.51757602075,105130.93198010906,87415.68309872565,79163.16558313784,86471.40363954657,82506.41524323328,87423.64872832631,86999.32197796184,1621369.3029372115
99,sUSDS,ethereum,susds_susdc,6031.644840299675,247657.0855249601,180397.01734392648,233975.4801975728,495102.8784238456,1092693.9342686832,1393239.3032255236,1154868.2321911184,882244.0307713143,815527.5636697641,697448.7995118286,585556.8695253619,598909.254218185,714365.5156952891,844908.6008224622,1200238.1377016252,1057346.967199581,1103736.675202481,1237761.660751481,1243788.5919942572,1470359.2817713988,1114197.6039694517,18370355.128820408
99,sUSDS,optimism,psm3_optimism,,,,,,,,,,24619.915165825747,40794.43810270233,34379.54624641186,19613.043811624077,24873.747226196687,16777.760665053574,4036.332110852701,29421.93220182803,62011.39644058884,76513.30019113683,76625.28551663242,82614.20965094063,81724.35020282159,574005.2575326153
99,sUSDS,unichain,psm3_unichain,,,,,,,,,,39720.313761700076,35880.736837414195,34869.188803428304,34665.37095932824,38883.34173526413,44627.320482293784,49281.30733096641,42272.03526548558,38853.443029116264,43545.45043797236,42386.33202225148,44001.776633168745,42725.76339678375,531712.3806951734
100,sUSDS,ethereum,susds_susdc,,,,,,,,,,,,,,,,,,,,,,0.0010533279638709865,0.0010533279638709865
127,sUSDC,arbitrum,susds_susdc,,,,,,,0.8422042620490271,1.4902192379005799,191.71061946948814,321.6822060374422,546.9471404949086,1308.8881850373493,1734.91260906881,786.425317002094,937.5983980097055,1294.546310457068,757.2641996945366,729.2157637222786,948.8802550831264,905.7358255231178,743.4304349581338,813.4838921304,12023.053580188409
127,sUSDC,base,susds_susdc,,,,,,,0.09838765906806579,20.567931321292555,91.18630049702803,127.92268115593679,176.1864907450466,90.76444499870358,59.6506750842611,63.79734233709231,63.1198200373034,66.81559289565533,44.332546964147035,206.24413598503992,315.74943885893504,279.8496148676538,205.00971020273005,222.90670360820397,2034.2018172180976
127,sUSDC,ethereum,susds_susdc,,,,,,,0.00043326237608265993,0.8400343778507112,185.8280816744756,840.4827416042909,3266.4447699362495,2432.287800292277,1508.4950369256583,1326.044627074161,938.3185969651365,710.9630773004676,591.971925803493,623.2752135060779,775.8053390413138,383.78012645859394,766.1228482185559,4859.330293956989,19209.99094639797
127,sUSDC,optimism,susds_susdc,,,,,,,,,,204.52911354814367,125.70784844961742,6.242705491641367,9.383917436510655,8.773244811115685,118.68323499597332,4910.075319776932,6144.263777393865,5020.578057176516,3364.462088436012,2039.4141906634557,108.56482370989055,27.56404912309757,22088.24237101277
127,sUSDC,unichain,susds_susdc,,,,,,,,,,5303.568183398564,12718.28135013461,10105.416282806105,2483.8550877457897,1503.177317683177,745.4872770944045,158.36952095548082,43.71817476104361,8.7987262626131,5.6232621060077905,4.577506949898829,1.4628722361978443,1.5820378772967982,33083.917600011184
128,spETH,ethereum,sp,,,,,,,,,,,,,,0,0,0,0,0,0,0,0,0,0
128,spPYUSD,ethereum,sp,,,,,,,,,,,,,,,,7.152039171490667,37.63970015068172,28.821856420721076,66.14825288914626,156.43827860146808,147.09328586408603,139.3282846430351,582.621697740629
128,spUSDC,avalanche_c,sp,,,,,,,,,,,,,,0,0,38970.85004597621,18301.421135154003,12648.190590432523,16500.988172386864,6525.998724155749,3320.0680586166536,2611.4657351225765,98878.98246184459
128,spUSDC,ethereum,sp,,,,,,,,,,,,,,7607.236501967833,52909.03030412795,101599.70398783984,28594.49963196506,30187.540328493007,59593.74533924209,64065.15803967867,106638.96050520714,44286.29402422787,495482.16866274946
128,spUSDT,ethereum,sp,,,,,,,,,,,,,,6671.499850103087,35412.78173871799,60391.379253691826,26236.946469230126,36355.43210240578,58753.237470020336,116887.73721861331,171768.11380974212,130315.4201869681,642792.5480994927
128,sUSDC,arbitrum,susds_susdc,,,,,,,1280.2025425394659,3393.1074815328666,5094.7816285193685,8477.639515718713,6854.536877674904,10790.644592377721,15971.189784778371,27577.803228740053,27086.315594139847,35827.57896155704,40809.98512542779,44149.04596446277,54221.233502429815,50245.67858479966,51283.748998219344,51414.28677612732,434477.77915904496
128,sUSDC,base,susds_susdc,,,,,,,760.0621935077801,3274.5827969603456,6161.843941140464,6074.126240473554,5609.863511713251,3270.6460892262116,3613.401303175693,2905.278375802537,3627.0565062235187,4190.110027074135,3764.1906095444524,3139.688869843804,3938.660192210531,5116.213293727464,4090.3626662902684,2580.373846376204,62116.46046329022
128,sUSDC,ethereum,susds_susdc,,,,,,,5384.591074160917,30437.856558747393,124877.35449738915,162063.15034135655,128540.47010702484,149413.8753781833,177208.57997302312,346934.2467054584,597513.8396230682,603740.7566903932,252256.53858694813,85313.68437223429,66158.46107623464,32607.499857486648,26450.53238048687,26129.895513660216,2815031.3327358556
128,sUSDC,optimism,susds_susdc,,,,,,,,,,21774.09365288129,10156.305880735708,16886.92716570915,30174.847808921604,26772.806217722264,33253.06526656916,42925.90712721902,24259.682598424704,9932.389304664783,5244.774839608022,3963.03770222327,2707.2304929615493,1702.5570081977824,229753.6250658383
128,sUSDC,unichain,susds_susdc,,,,,,,,,,1573.4364171230573,1431.4621164310054,6299.07067556116,12663.492827046532,11286.596860513951,4821.1558589657725,2611.8599396386517,1225.9495054500078,589.0313924125678,263.56531018039993,141.24251465997966,79.35172495467778,59.21215748872842,43045.42730042648
128,sUSDS,arbitrum,psm3_arbitrum,,,,,,,2772.420263610572,3685.6064883935073,3539.2903056489886,1346.3646720836075,1115.7322929161692,1085.4016704948888,688.2312833084048,739.6225083642163,962.3234551695064,928.4687905841379,568.8775216822684,536.1771700329364,1333.4379297884934,2686.937391176819,2729.1226680546147,2844.236492628517,27562.250903937653
128,sUSDS,base,psm3_base,,,55.89428832293649,1004.6069104416247,4588.38175910074,13692.30720379746,12214.74884180482,8802.129236196193,7721.852754595678,6912.173640402563,5312.915639337098,1846.0327655776132,1500.868099603094,1083.7149802429594,1081.0468032271142,1082.035401442511,780.3112161041223,711.0427597456405,1520.5706796051745,2168.7537272669083,2041.0034398192106,1206.1998404698095,75326.58998710327
128,sUSDS,ethereum,susds_susdc,,176.86743261267304,11632.173071984385,13066.470338732546,60449.92640342417,135552.95365159487,197817.34882071242,100948.91030864739,213689.15057012698,177658.26674855777,105113.05131296102,111990.26244774944,128325.94413662466,174974.61234911176,194671.16530477058,218929.38306061225,357591.9821153759,485628.292311228,767449.5173868915,789006.7472549196,738577.4604376756,993479.8867211349,5976730.372185449
128,sUSDS,optimism,psm3_optimism,,,,,,,,,,1.1409756363333832,0.9713824220881258,1.3570339576797772,1.4238988707241371,1.205016597108714,8.628375329852513,12.11267427941514,566.3085890851019,751.702034629166,1163.681744058268,1139.208320476198,1393.4833243736523,809.3354940404568,5850.558863756045
128,sUSDS,unichain,psm3_unichain,,,,,,,,,,2.3089207957892253,1043.3222960881492,0.37493706051508535,0.3554678649554145,0.3136505615956953,0.26989383421906876,0.2735701819479774,1.7547050955747872,3.1524993124620715,3.3122819650094963,3.1039880810387865,3.2063120771049736,2.7129289356797046,1064.4614518540416
128,USDS-CLE,ethereum,farms,,,6.722661370795936,628.8560548208873,1401.7409901227338,1215.0861787721126,1841.8882016263642,3236.737656454107,4295.821187207608,5271.620563464081,4869.442311573244,4128.2147658197455,5867.684963656161,7081.253195360273,5762.127213468534,8552.412126939216,6597.992371524791,4966.638171624745,3409.0875138385495,2642.9321515761326,2314.200304585357,2052.792399952989,76143.25098375842
128,USDS-SKY,ethereum,farms,,,369.46396759542154,40671.55539960491,36788.27818245504,51210.9171091269,66570.78717984898,109613.55538433875,61050.37391833408,66019.36284585253,56042.52493422946,44829.794374316545,43343.62328143249,24647.023245331457,25541.549726128836,38222.924405792386,24672.195922511175,3387.1205025728855,2561.8841931601246,1853.8637651654742,221.3950610083518,145.68543555882871,697763.8788343645
128,USDS-SPK,ethereum,farms,,,,,,,,,,399.9568656996654,271238.73652511666,609129.4596097498,548848.4853684689,421245.2309106294,330450.44027419447,286198.6848417126,235384.72552140642,206409.470236647,236624.40877949487,299366.49013705325,400011.94627833035,239377.011669522,4084685.0470180255
129,sUSDC,base,susds_susdc,,,,,,,,,,,,,,,,0.64152031102715,2.5779557833585,0.5933547342385489,0.3929064571935468,0.21329006931169103,0.5917428320463922,41.01421472204051,46.02498490921634
129,sUSDS,arbitrum,psm3_arbitrum,,,,,,,,,,,,,,,,,,,,,,0.053155174908867356,0.053155174908867356
129,sUSDS,base,psm3_base,,,,,,,,,,,,,,,,0.0004444596227241895,0.00043927062451319096,0.28506394519559436,0.5123431150708778,0.681083840746735,0.8945496485806247,0.7819731310092234,3.1558974108502924
129,sUSDS,optimism,psm3_optimism,,,,,,,,,,,,,,,,,,,,0.00014754474634901812,0.0009013563703056048,,0.001048901116654623
130,spUSDC,avalanche_c,sp,,,,,,,,,,,,,,0,0,1207.044603831041,932.8561348561763,791.6454659002069,777.7577267362938,21.66213462411274,1.7648901040275335,12.934453206909957,3745.665409258768
130,spUSDC,ethereum,sp,,,,,,,,,,,,,,0.00021202415400666352,0.3292901557550843,337.84064282737916,1601.0254115365997,9.527775312520255,3536.7357802585975,4652.668383039989,3909.909696508637,3534.8698432529973,17582.90703491663
131,spUSDT,ethereum,sp,,,,,,,,,,,,,,0.0009179100626074358,12.839958648873226,319.2808534108773,284.5650466852063,263.830960323499,6315.989212986158,4736.49348450767,4041.5689191030597,3451.9035246078975,19426.472878183304
132,spPYUSD,ethereum,sp,,,,,,,,,,,,,,,,0.0002692086274316935,0.0017896274734932839,0.00015628070971130512,0.011998198875825341,0.008102471802866553,0.00044862620908329423,0.26880055179836504,0.2915649654967765
170,sUSDS,base,psm3_base,,,,,,,,,8.277904076178812e-7,0.00001044432648768611,0.00001604584945623312,0.000016107280441664415,0.000015648235876229532,0.000016232629586717483,0.000015767726102667338,0.000016351254335719335,0.000013678634876189071,0.000012394119956813004,0.000013764867329810949,0.00001336192507924085,0.000013849008858430373,0.000013442117505127256,0.00018791576630014672
171,sUSDS,arbitrum,psm3_arbitrum,,,,,,,,,0.00014751680573564288,0.0002636596131301009,0.0003085583791575022,0.0003281189286964175,0.0003187678020646852,0.0003306723963109984,0.00032120191906606383,0.0003330888827585305,0.00027864536351372173,0.00025247870800401175,0.0002804019921792906,0.00027219371764748706,0.00028211602628768157,0.0002738273049586575,0.0039912478395107915
171,sUSDS,base,psm3_base,,,,,,0.000010127386167871387,0.00011751553647528786,0.000156479847569625,0.00016244369640537747,0.00015804335204311318,0.00016391324001476838,0.00016454077764457202,0.00015985149770528963,0.0007463886839661469,0.002102962157379151,0.0021978741765301306,0.0018386307096520287,0.0016659710400106322,0.0018502217564212923,0.0017960597727503743,0.001861531744504478,0.0018068389360930298,0.01695939431133317
182,sUSDC,arbitrum,susds_susdc,,,,,,,,,0.02853688610463962,0.04603067685269378,0.0071640398211575895,0.0024586996436276195,0.000009091185958202763,0.000009430702306305594,0.000009160606427149401,0.000009499619955826686,0.000007946903042550558,0.00000720063591769583,0.000007997001696664188,0.000007762903554752463,0.000008045885563595416,0.00000780949309713605,0.08427424735963848
182,sUSDC,base,susds_susdc,,,,,,,,,16.89240648858598,45.65641829087824,2.0888580224933735,0.1430333237805472,0.04011806483076198,0.04026430808431459,0.02913957902933847,0.028904866460830674,0.02418035377101602,0.02190965750228757,0.02433279091205486,0.02362049130826528,0.02448153177245839,0.023762251137324844,65.0614300205468
183,sUSDS,ethereum,susds_susdc,,,,,,,,,0.005578306001781179,0.4447425575364484,7044.161386257441,18451.035859844287,17635.191003088403,17336.562730645423,20843.092529849902,24105.19436992559,21333.384118292208,13278.929767896734,11113.764428103528,9912.967924836803,11847.596192241095,8767.664182055747,181669.99481390067
184,stUSDS,ethereum,stusds,,,,,,,,,,,,,,,,,,,,,,1.1562736284223147e-9,1.1562736284223147e-9
184,sUSDS,base,psm3_base,,,,,,,,,,,,,,,,,,,,,,0.00019391219431277303,0.00019391219431277303
184,sUSDS,ethereum,susds_susdc,,,,,,,,,,,,,,,,,,,,,,0.000013780007968400837,0.000013780007968400837
186,spETH,ethereum,sp,,,,,,,,,,,,,,,0,,0,0,0,0,0,0,0
186,spUSDC,ethereum,sp,,,,,,,,,,,,,,,0.4395303322862367,51.43989551740268,16.662048248800236,37.41974152657076,70.26378952665561,325.98142202179685,700.1053095792644,1504.7176180502913,2707.029354803068
186,spUSDT,ethereum,sp,,,,,,,,,,,,,,,11.634438972936985,315.9292206395478,120.67323043612677,191.96672044661977,197.63486241321877,517.1053600318808,347.9048772550316,267.0802130983373,1969.9289232936999
186,sUSDC,ethereum,susds_susdc,,,,,,,,,,,,0.0007260285232978352,29.86390928021336,24.846869520973407,401.06676280312445,651.2609611084864,840.8570368959578,1037.57798996066,2311.0778900959826,1372.0100777453856,491.56530682153044,449.8170001226512,7609.944530383488
186,sUSDS,ethereum,susds_susdc,,,,,,,,,,,0.000032683615018306355,0.017799976663263835,0.04259877699520689,0.019416662896608303,37.37366675133504,0.39100600724799917,0.04171387291158138,0.01553811767790092,0.00013062228716463693,0.00012679854973436267,0.00013142075173251018,0.00012755953901696302,37.90228925047027
188,spUSDT,ethereum,sp,,,,,,,,,,,,,,,,,,,5889.436200565305,12300.613915914822,7694.248891429039,10930.812273128799,36815.11128103797
188,sUSDC,ethereum,susds_susdc,,,,,,,,,,,,6283.603600795677,16471.82497456064,16943.168811094118,7109.841600603333,3055.6099164521856,1186.5646134032602,270.26059697752265,3530.3478519865157,6054.894871614303,944.1392010189692,609.3404506631232,62459.59648916965
188,sUSDS,ethereum,susds_susdc,,,,,,,,,,,,,,,,,,,0.0001783336919518905,0.00023153479027057536,3610.2056950289775,39302.261670163665,42912.46777506112
190,spETH,ethereum,sp,,,,,,,,,,,,,,,,0,0,0,,0,,,0
190,spUSDC,avalanche_c,sp,,,,,,,,,,,,,,,,21168.148342802873,9892.842223719656,4849.476397729084,3423.0163305357364,2040.4489983315138,1553.3654448229352,380.58516387760693,43307.88290181941
190,spUSDC,ethereum,sp,,,,,,,,,,,,,,,,57.720489352955966,389.712472206608,386.8984076023808,620.2687614223433,720.3842181851248,1096.3815627054773,993.9735658490908,4265.339477323982
190,spUSDT,ethereum,sp,,,,,,,,,,,,,,,,160.956200168216,119.04837295120079,62.35919818066033,152.37783182950014,135.17377143079605,85.21628261117516,39.03541670587656,754.167073877425
190,sUSDC,arbitrum,susds_susdc,,,,,,,,,,,,,0.0034834234292547978,0.004086805925602461,0.003969759559004898,0.0041166714700013205,0.0034437997711759642,0.0031204040357491955,0.0034655100818025025,0.0033640633769375116,0.003486693962976158,0.003384253009872594,0.03592138462237741
190,sUSDC,base,susds_susdc,,,,,,,,,,,,,,0.00014085553974587192,0.000055421587937126586,2.3948053124683737e-20,,,,,,,0.00019627712768299852
190,sUSDC,ethereum,susds_susdc,,,,,,,,,,,,0.0001567260308098638,0.005072990300895041,0.005622757380646237,0.00468722511075154,51.46294883014547,85.01652744725575,44.86216575179704,42.77878205025429,25.013418579500055,0.00604463781191805,0.005867043086027577,249.16129403867367
190,sUSDC,optimism,susds_susdc,,,,,,,,,,,,,,,,15.999244056260979,,,,,,,15.999244056260979
190,sUSDS,ethereum,susds_susdc,,,,,,,,,,,,,,,,,0.15824796865803675,,,7.619523117508172,6.798079782737515,4.8609386321208765,19.436789501024602
191,spUSDC,avalanche_c,sp,,,,,,,,,,,,,,,,2910.8058187278343,2164.429525847791,26.12653253471614,29.000795384854918,28.19830766919251,29.591187686639348,27.85170010635714,5216.003867957385
191,spUSDT,ethereum,sp,,,,,,,,,,,,,,,,2146.166128028695,1238.8487513809762,5514.674890687887,8197.761337770484,11307.883276575822,22118.939640561155,22715.155222203215,73239.42924720823
191,sUSDC,ethereum,susds_susdc,,,,,,,,,,,,,,,,,,,479.8528629040973,2295.7430776396764,3357.4088108800875,3258.7663254205163,9391.771076844378
192,sUSDC,ethereum,susds_susdc,,,,,,,,,,,,,,,0.0002433962944695407,51102.27687530669,56666.756972408635,41751.19588836657,48284.10945030169,37688.16905791436,26401.202999643712,19027.372633778148,280921.08412111615
194,sUSDC,arbitrum,susds_susdc,,,,,,,,,,,,,,15.768267896283733,36.259340303922606,18.67592997181595,4.554196126752076,3.8969025382537987,4.301644121339719,3.968526169656138,4.062230649721108,3.821122271300565,95.3081600490457
194,sUSDC,base,susds_susdc,,,,,,,,,,,,,,0.768709997558508,0.9896253759119021,0.14320897423289689,,,,,,,1.901544347703307
194,sUSDC,ethereum,susds_susdc,,,,,,,,,,,,,,3.320503428567542,0.4280277829784689,0.39710589787923467,0.32385965219294577,0.2841377422374229,0.31556240764442267,0.3063248738675367,0.317491369438969,0.3081633014086675,6.00117645621521
194,sUSDC,optimism,susds_susdc,,,,,,,,,,,,,,0.03339430250630238,0.09371740077722358,0.0971856718997323,0.08130063258357925,0.07366596169327659,0.08181316586216783,0.022760266934740807,,,0.4838374022570228
195,sUSDC,arbitrum,susds_susdc,,,,,,,,,,,,,,,,,,,,0.703841805326558,1.8777629729865384,,2.581604778313096
195,sUSDC,ethereum,susds_susdc,,,,,,,,,,,,,956.1961056846186,3175.459194952096,8105.614837528926,7915.428521960422,3879.943446154904,1671.219422959561,7613.537032149752,4967.619829958708,3081.0365399851844,835.1288408728648,42201.183772207034
196,sUSDC,arbitrum,susds_susdc,,,,,,,,,,,,,0.005651730761684868,0.02060227612901639,0.015940483954577547,0.022642150472406353,0.03179218474369862,0.22339044362254648,0.2541009830216266,0.24610223826506375,0.2545845933202368,0.24635204589610163,1.3211591301869592
197,stUSDS,ethereum,stusds,,,,,,,,,,,,,,16159.545842414653,17563.94093572422,17503.738662265503,6824.98765559193,6314.149706951172,5576.0688920748335,8508.930721916859,10729.87624781659,8925.19938989209,98106.43805464785
198,spUSDC,avalanche_c,sp,,,,,,,,,,,,,,0,0,0.000034158980486346784,0.0000161578230754415,0.000014220274200841094,0.000015784691744575754,0.000015347909889028614,0.000016106033292914962,0.000015159256665450055,0.00012693496935459877
198,spUSDC,ethereum,sp,,,,,,,,,,,,,,0.002680747991990604,1.1664625125273966,0.42597164523680847,0.016306675216252505,0.01483150645615777,0.016872887621313996,0.01642989193295909,0.017118612586387073,0.009115004266077673,1.6857894838353438
198,spUSDT,ethereum,sp,,,,,,,,,,,,,,0.05412686862706334,0.5165882380453046,0.016959694657248905,0.0023690493436559564,0.0021032432755914337,0.00221067691931968,0.0021449891301880014,0.002221597447826913,0.0012504899703891367,0.5999748474165879
200,spUSDC,ethereum,sp,,,,,,,,,,,,,,,,,2.6460090789674472e-8,0.5933760123583133,5.259007041776049,32.09050511442707,91.57472388984806,78.1508067534603,207.66841883832987
200,spUSDT,ethereum,sp,,,,,,,,,,,,,,,,,2.104809893031371,,0.4806163654193227,0.5034409367035659,0.01724320559023489,0.00417035492668821,3.1102807556711825
200,sUSDC,arbitrum,susds_susdc,,,,,,,,,,,,,,,,,,0.1328411920627407,0.13889989022232826,,,3.1316244261512983e-9,0.2717410854166934
200,sUSDC,base,susds_susdc,,,,,,,,,,,,,,,,,0.000028704253480693292,0.00012309224961383198,0.00020443569284453358,0.00008723909687969353,0.00009296878035880139,0.0000879635321181177,0.0006244036052956715
200,sUSDC,optimism,susds_susdc,,,,,,,,,,,,,,,,,,,,,,0.000037782755950907536,0.000037782755950907536
200,sUSDC,unichain,susds_susdc,,,,,,,,,,,,,,,,,,,,5.377412562568621e-9,,,5.377412562568621e-9
200,sUSDS,arbitrum,psm3_arbitrum,,,,,,,,,,,,,,,,,,,,0.0013388146027079346,,,0.0013388146027079346
200,sUSDS,base,psm3_base,,,,,,,,,,,,,,,,,,,,1.0027319179082705e-8,,,1.0027319179082705e-8
200,sUSDS,ethereum,susds_susdc,,,,,,,,,,,,,,,,,,,,,0.0037413186835405254,1650.0972680738028,1650.1010093924863
200,sUSDS,optimism,psm3_optimism,,,,,,,,,,,,,,,,,,,,5.693730948602071e-9,,,5.693730948602071e-9
200,sUSDS,unichain,psm3_unichain,,,,,,,,,,,,,,,,,,,,2.846859252936129e-9,,,2.846859252936129e-9
202,spETH,ethereum,sp,,,,,,,,,,,,,,,,,,,0,0,0,0,0
202,spUSDC,avalanche_c,sp,,,,,,,,,,,,,,,,,,3.5932240535799855,1.04880294004544,,,,4.642026993625425
202,spUSDC,ethereum,sp,,,,,,,,,,,,,,,,0.8863052750922082,0.49020432247626666,0.4735964162969694,0.17836311461348534,0.17379100589278818,1.7296583136839192,8.418219205905237,12.350137653960873
202,spUSDT,ethereum,sp,,,,,,,,,,,,,,,,49.84498894658262,29.895836326902288,30.03227596138699,42.344355141597916,40.040278970950425,31.89591873227368,22.751804529636868,246.8054586093308
204,spETH,ethereum,sp,,,,,,,,,,,,,,,,,,,,0,0,0,0
204,spUSDC,ethereum,sp,,,,,,,,,,,,,,,,,,,3.0806143876167504,4.560663661147945,,,7.641278048764695
204,sUSDC,arbitrum,susds_susdc,,,,,,,,,,,,,,,,,,3.6194580026086394,33.82187346394349,72.96634148579848,75.62726019127852,70.80479805160924,256.83973119523836
204,sUSDC,base,susds_susdc,,,,,,,,,,,,,,,,,,0.17555821863996685,0.39311315999666,0.3996662208642009,0.25005101156867277,0.16549182395775794,1.3838804350272584
204,sUSDC,ethereum,susds_susdc,,,,,,,,,,,,,,,,,,0.00003294989792533232,0.0004956596197080108,0.0004399826253832939,0.00042148754356948447,0.0004091040117358842,0.0017991836983220057
204,sUSDC,optimism,susds_susdc,,,,,,,,,,,,,,,,,,0.21642832627918626,0.3000508390542945,0.2118209515979865,0.08744511249184463,0.06252500353126657,0.8782702329545785
204,sUSDS,arbitrum,psm3_arbitrum,,,,,,,,,,,,,,,,,,0.00038810840658030276,,,,,0.00038810840658030276
204,sUSDS,base,psm3_base,,,,,,,,,,,,,,,,,,0.000014391367235689005,0.00011968856349788123,0.014431081287812739,0.018459129628630926,0.005673722818160675,0.03869801366533791
204,sUSDS,ethereum,susds_susdc,,,,,,,,,,,,,,,,,,,,0.0005027874238897125,0.0005307831445317856,0.0005151884488703602,0.0015487590172918583
205,spETH,ethereum,sp,,,,,,,,,,,,,,,,,0,0,0,0,0,,0
205,spUSDC,ethereum,sp,,,,,,,,,,,,,,,,,0.0005315126059556268,0.008897154493447999,0.19759145598919042,0.2057577664733536,0.21277114263065788,0.20296705624192304,0.8285160884345285
205,sUSDC,base,susds_susdc,,,,,,,,,,,,,,,,,0.0005949248945278511,0.024303034686563182,,,,,0.024897959581091034
205,sUSDS,base,psm3_base,,,,,,,,,,,,,,,,,,0.00000992926170209157,0.0000305251760292138,,,,0.00004045443773130537
206,sUSDC,base,susds_susdc,,,,,,,,,,,,,,,,,,,,,0.0005301148553597792,0.0008226657739649489,0.0013527806293247282
214,spETH,ethereum,sp,,,,,,,,,,,,,,,,,,,,,0,0,0
214,spUSDC,ethereum,sp,,,,,,,,,,,,,,,,,,,,,0.000006709176351375615,0.14901995999065965,0.14902666916701102
214,spUSDT,ethereum,sp,,,,,,,,,,,,,,,,,,,,,0.000006222502325439388,0.000011544066981152981,0.00001776656930659237
216,sUSDC,ethereum,susds_susdc,,,,,,,,,,,,,,,,,,,216.60757545032507,377.4494563617,471.89007688000703,372.3924700452992,1438.3395787373313
219,sUSDS,ethereum,susds_susdc,,,,,,,,,,,,,,,,,,,,14.263484409268683,,,14.263484409268683
223,spUSDC,ethereum,sp,,,,,,,,,,,,,,,,,,,,,0.001117965377325244,0.0019131756254008663,0.0030311410027261104
223,spUSDT,ethereum,sp,,,,,,,,,,,,,,,,,,,,,0.00013885252024982626,0.00016390988037849082,0.0003027624006283171
224,sUSDS,ethereum,susds_susdc,,,,,,,,,,,,,,,,,,,,,4185.174239133087,10955.860171172908,15141.034410305994
224,USDS-SPK,ethereum,farms,,,,,,,,,,,,,,,,,,,,,396.9972962550637,1698.1738921153158,2095.1711883703792
303,sUSDS,ethereum,susds_susdc,,0.0010247124488725707,0.0019775724860150584,0.0020591907759459453,0.00207976082372259,0.0018952912675808343,0.002110391957258707,0.002050754083659071,0.002126922015141677,0.0020658966384577275,0.002142626128978585,0.0021508290997762996,0.002089532193330422,0.002167567154091811,0.0021054879009143397,0.00218340729288394,0.0018265284442567464,0.0016550052580214974,0.0018380431961377702,0.00178423771837367,0.0018492787394603786,0.001794945930605892,0.040977981553485525
303,USDS-SKY,ethereum,farms,,,1.6662014137186443,41.46918041082517,,,,,,,,,,,,,,,,,,,43.13538182454381
555,sUSDC,arbitrum,susds_susdc,,,,,,,,,,,,,,,,,0.004045140061459297,0.003844240280114199,0.004269400146576983,0.004144420975719957,0.0042954980263271506,0.0041692939727038655,0.024767993462901455
999,spUSDT,ethereum,sp,,,,,,,,,,,,,,,,,,,,,,0.00011365492530379122,0.00011365492530379122
1001,sUSDS,ethereum,susds_susdc,89.14237483935457,2900.5773983924983,7092.596771291364,9406.192104460113,11674.429566501196,10499.250189251825,8184.011358195993,3487.460500750843,3756.2283852671612,2088.2214553053022,1914.7461575548393,1739.4577213451132,1524.5389970571916,1431.5429953242851,1298.4563456772132,1177.0697306185566,880.7104261224564,751.2827655006786,799.4060955999961,767.1871435232854,791.6348667873192,706.5981415483212,72960.74149091494
1001,USDS-CLE,ethereum,farms,6.653958418347043,163.56719880239174,214.35688843687927,278.31242593357234,309.46883586085136,181.8525175342593,353.8213431549371,357.746424150699,356.0086615278406,322.6519235871934,333.03174127949165,369.00464447024416,394.573531868778,460.54510384416005,237.06429642658537,110.78913022515485,83.08763931095572,40.056110683604395,44.25181399339283,42.28051345880464,43.59855580557125,39.858396802636385,4742.581655576349
1001,USDS-SKY,ethereum,farms,506.1993371617093,20601.776242138178,14895.287631998946,6050.85142643813,2919.5999193482617,1620.3035533392324,1393.1594143820616,2021.8576876013112,2346.0094111927565,1917.9245730523478,1811.172946575179,2788.381408995484,2475.0323599820067,1353.198390107566,3485.196918295788,3955.47083572263,1291.0061823694975,810.0991426370301,811.8272807307619,624.4763085352921,77.33646471796169,63.36842156058191,73819.5358568827
1002,sUSDS,ethereum,susds_susdc,,807.5958288356111,1255.4545788614723,1165.823350426681,2491.3924521446315,3797.1765269403727,5030.03709521524,5714.555686579499,2990.1935044970496,2725.289330270801,2873.7567667098388,4481.316143783303,4504.391127187306,4570.010424431708,3047.437156898328,2396.508270094819,1967.5988770266651,2968.784663650217,29193.370606192293,28953.370505847743,33173.243437901154,38551.77458072775,182659.08091422246
1002,USDS-CLE,ethereum,farms,,0.1400792750918087,4.4270022060427765,3.4252046956058444,0.6878976672831422,0.1693945437369074,,,,,,0.20138324908396865,0.7376665365948628,0.7751464435710199,0.9831521170084103,0.7622554211480249,0.6355282217341331,0.5740254905985719,0.8823900578933894,0.6150273113556127,0.6355282217341331,40.096176610977224,55.74785806945983
1002,USDS-SKY,ethereum,farms,,0.013796313200324036,14.23506439370786,457.15022262647204,5.263312136682425,312.24113229912103,309.61740811665913,7.28296399681033,3.562615943160674,2.319193138737993,9.861717683093907,35.42237260029618,1.4756537060531647,1.5286037156247416,1.4789769091618155,1.5282761394672093,1.274195748941338,1.150886482914757,1.274860056953132,1.233092660265811,1.274195748941338,1.233092660265811,1170.4216330765312
1004,sUSDC,arbitrum,susds_susdc,,,,,,,,3.1604898784534647,8.255221971280568,2.454618754215323,1.0332833146927207,0.2120228852468017,0.20598040285584376,0.011648229695627697,0.005237547205075234,0.0054313768561290825,0.004543616003999894,0.0041169401991494195,0.0045722597467750025,0.004438414894459378,0.004600208938924053,0.004465052314000007,15.370670852598858
1004,sUSDC,base,susds_susdc,,,,,,,,10.771828213155828,37.96827176234978,0.5548754194281985,0.11672033761049433,0.0183900677081518,0.015101925993673052,0.01431502120881776,0.01018285478421629,0.010559699435261924,0.008833712081190274,0.008004167681148295,0.00888940133318257,0.008629179763431784,0.008943740237731111,0.00868096831567753,49.5322264710868
1004,sUSDS,arbitrum,psm3_arbitrum,,,,,,,,5.250647335553248e-20,5.780872436429409e-19,7.5755590075355e-18,1.887934711979204e-16,1.149163185155186e-16,1.368408054859629e-17,,5.581983616915372e-21,,,,1.3213934784267221e-17,2.702851501048264e-22,9.258151313740664e-20,2.0407251824401088e-19,3.3911646407098486e-16
1004,sUSDS,base,psm3_base,,,,,,,1.1679056480690439e-17,,1.917318619869294e-17,8.46224976712748e-14,9.673084188208532e-14,7.149141961509907e-14,1.1628627944135654e-13,1.205591480800127e-13,1.224199042071352e-13,2.4056484769394673e-13,1.0403608450028345e-13,7.328993273783094e-14,7.417383752831876e-14,8.128725447900975e-14,6.600075492192035e-14,2.201413432277156e-14,1.2735077893237245e-12
1004,sUSDS,ethereum,susds_susdc,,,,3.820875451406212e-16,,,8.731818303236441e-20,1.363398755349767e-21,,,2.9475885681094314e-14,7.505178223150507e-15,2.0019168612180495e-16,2.0798736756774427e-15,4.820399953349601e-13,5.108384153309676e-13,6.064375852708836e-14,8.708279129347308e-19,3.508157817837718e-14,1.4724234790901222e-15,4.53122916439494e-16,1.2982601122279488e-16,1.1303032960988252e-12
1007,sUSDS,ethereum,susds_susdc,,,,,,,,,,438.91654901332527,641.5532221354059,188.1571656798064,750.8835034204919,2441.881071884484,862.2541941247566,1879.5388618163229,1592.6490640759553,8119.972825344363,11131.847598719754,8884.39585964316,9316.851042811799,,46248.90095866962
1007,USDS-SKY,ethereum,farms,,899.04910480087,2845.034683217761,2651.2709262171447,3270.1993101177177,2063.6739510533725,3835.8301775281043,7167.6872837096225,7788.974460549155,17009.947677240034,11459.498213082446,5825.295281274688,3092.011012027047,1258.2885492999574,1106.3916103555503,3550.059439215305,4114.426764723389,2601.3270434133606,98.97080055441654,2.736057282538436,0.4952005891537389,0.44902374327556777,80641.61656999493
1007,USDS-SPK,ethereum,farms,,,,,,,,,,,9730.507068834768,15421.475084265061,9186.824087058623,8494.290257053635,2745.3977955847,2841.0698412168513,4375.433402403486,3023.763038076548,4628.610029240478,5225.033275171422,1445.0422017194321,,67117.446080625
1015,sUSDS,base,psm3_base,,,,,5.825601646483142,174.74629773115575,145.04847102687776,7.563950957248516,0.00007488527513169637,123.64972214639387,0.00007543819003736961,0.00007572700256585488,0.0000735688436530018,0.00007631632074191545,0.00007413061674286423,0.00007687402485289284,0.00006430893286650416,0.00005826989575030963,0.00006471434752512585,0.00006281994896360236,0.00006510993172942573,0.00006319696674491731,456.8349488684562
1015,sUSDS,ethereum,susds_susdc,,,,,7.058758855491913,43.307693834602865,39.54908514910596,0.000014912489860248835,0.000015466361002069913,0.000015022602133920532,0.00001558055677045733,0.000015640206398767017,0.00001519447304481567,0.000015761920682917065,0.000015310498330077433,0.00001587710558539016,0.000013281985939452614,0.00001203471899705702,0.000013365717880808872,0.00001297446002694111,0.000013447419498378656,0.000013052327045520687,89.91575476204393
1016,USDS-SKY,ethereum,farms,,,,,,,,,0.0034430531426077565,0.00006020561513788106,76.64164323675116,143.36146408206565,,,,179.02163663419003,1201.0547443054502,167.53838068751205,8.978125634163069,0.14773560337865937,,,1776.7472334422685
1016,USDS-SPK,ethereum,farms,,,,,,,,,,,,,,,,,,0.000024139638099304566,,0.44222242783652244,,,0.44224656747462177
1017,spETH,ethereum,sp,,,,,,,,,,,,,,,,,0,0,0,0,0,0,0
1017,spUSDC,ethereum,sp,,,,,,,,,,,,,,,,,0.023807040909144952,0.07955104111886381,0.07221716004521903,0.04641970165585093,0.04836555786639701,0.0461369656724611,0.31649746726793687
1017,spUSDT,ethereum,sp,,,,,,,,,,,,,,,,,0.042658706096355505,,,,,,0.042658706096355505
1017,sUSDC,arbitrum,susds_susdc,,,,,,,,0.021540883783467645,0.004961667894991317,0.00019987589913344055,0.000475883466326178,,,10.191870712698675,136.81492588095136,420.57221214599997,337.55747879307967,314.63129928176346,332.1703807671548,190.36159592043367,0.23190068929435556,0.22508732170633552,1742.7839298241263
1017,sUSDC,base,susds_susdc,,,,,,,1.9467889371851845,28.558361303975467,59.917039927591404,68.12631996265638,96.2663273904023,12.903598803393756,12.535855715643855,13.004015532469424,12.63157974839694,13.099046226443761,14.735140509026376,6.548300264934974,5.829999062197633,2.8859070678916576,2.1722285507954573,2.0562633237507435,353.21677232675535
1017,sUSDC,ethereum,susds_susdc,,,,,,,0.000857356477683715,4.9804078375537015,11.553319743859877,11.221833359168807,11.63931430707994,11.686676354772707,11.3536154401439,17.692461356907213,33.63291182582887,64.09156189807298,181.55795952220012,28.069758611956157,31.174178199055266,21.135918991219707,6.1244720238572175,5.92496754587253,451.84021437402663
1017,sUSDC,optimism,susds_susdc,,,,,,,,,,,,,,,0.000002687017671965101,1.8980116556633375e-21,1.0578437030197345,0.8367562146996582,0.30246289994876585,0.11797966630629049,0.11276345055933817,0.10588701221549789,2.5336956337669574
1017,sUSDC,unichain,susds_susdc,,,,,,,,,,,0.0002650664828359291,,0.0004964838652240191,0.00046162077629358024,0.0004483999295994362,0.0004649942068016119,0.00038899070636332013,0.0003524618882213793,0.0003914429711949364,0.0003799841675461435,0.00039383577375280503,0.00038226466586151225,0.004425545433694673
1017,sUSDS,arbitrum,psm3_arbitrum,,,,,,,,,,0.008328059871165019,,0.0000019668408274038123,,,,,,,,,,,0.008330026711992422
1017,sUSDS,base,psm3_base,,,,,,,,0.010465716280157876,1.3820425682135233,2.2452649568939487,2.328877669520749,2.4270422176135087,3.336555385872372,3.466085044381476,3.3694259356430223,3.4939907094105855,1.0629703330526996,0.01231449930393244,0.013676440935598727,0.013276087211486773,0.013760041933091011,0.013355764464136553,23.18910337073029
1017,sUSDS,ethereum,susds_susdc,,,,,,,,,,,,,,0.017882739811849915,,0.007965681350697742,0.04062070435876433,0.001060091368116692,,,,,0.06752921688942867
2000,sUSDS,ethereum,susds_susdc,,,,,,,,,,,,,,,,,,,,0.0000022340667242077928,0.0000042495833570485795,0.0000041247283012244355,0.000010608378382480809
2001,sUSDS,ethereum,susds_susdc,,,,,,,,,,,,,,,,,,0.00010802955292476467,0.0016246835496007122,82.24301693728245,8467.993529947322,21945.28598215317,30495.524261750877
2002,stUSDS,ethereum,stusds,,,,,,,,,,,,,,,,,,,,,1.3613582247595745e-8,0.000024253456405189985,0.00002426706998743758
2002,sUSDS,ethereum,susds_susdc,,,,,,,,,,,,,,,,,,,174574.27559348373,116737.37465030176,3.461410622185822e-9,3.359712507299697e-9,291311.6502437923
2003,sUSDS,ethereum,susds_susdc,,,,,,,,,,,,,,,,,,,,6.654607696408874e-15,1.3723607554654149e-8,5.202482746571154e-8,6.574844167497338e-8
2005,sUSDS,ethereum,susds_susdc,,,,,,,,,,,,,,,,,,,17144.96836066166,8259.87631199609,,,25404.84467265775
2008,sUSDS,ethereum,susds_susdc,,,,,,,,,,,,,,,,,,,,,12035.781376578725,33511.041488478935,45546.822865057664
2012,sUSDS,ethereum,susds_susdc,,,,,,,,,,,,,,,,,,,,,,3.801673375561333e-8,3.801673375561333e-8
2222,sUSDS,ethereum,susds_susdc,,,,,,,,,,,,,,,,,,,,10.677765476597338,14.746531904549194,1.6091426572186446e-9,25.42429738275567
3000,sUSDS,arbitrum,psm3_arbitrum,,,,,,,,,,,,,,,,,,,,0.00010417480088373602,0.0009374372942223312,0.0010544977135700986,0.0020961098086761656
3000,sUSDS,base,psm3_base,,,,,,,,,,,,,,,,,,,,,,0.0552019374101368,0.0552019374101368
3000,sUSDS,ethereum,susds_susdc,,,,,,,,,,,,,,,,,,,,0.0000020692685725265967,0.0006642433551139391,5.607917482286112,5.608583794909799
3000,sUSDS,optimism,psm3_optimism,,,,,,,,,,,,,,,,,,,,0.00003636000504719554,0.0004243790006182591,0.00003195264576417316,0.0004926916514296278
3001,sUSDS,base,psm3_base,,,,,,,,,,,,,,,,,,,,,2.6596740899378468e-8,2.0922713765611113e-7,2.358238785554896e-7
3001,sUSDS,optimism,psm3_optimism,,,,,,,,,,,,,,,,,,,,,,0.0017304694158383172,0.0017304694158383172
3007,sUSDS,ethereum,susds_susdc,,,,,,,,,,,,,,,,,,,,,,5.108943573136658e-8,5.108943573136658e-8
3008,sUSDS,ethereum,susds_susdc,,,,,,,,,,,,,,,,,,,,,,0.000030599199888002366,0.000030599199888002366
3333,sUSDS,arbitrum,psm3_arbitrum,,,,,,,,,0.0000010258583307678466,0.00007278911683320573,0.00012876340335555629,0.0009907996030802289,0.0015630513725825134,0.0016557466128152764,0.0016089135115905616,0.0018659129187306189,0.002022064632469795,0.0018466614646512696,0.003410829615226389,0.0034282560335504625,0.004036893874003217,0.007063870621825594,0.029695578639045456
3333,sUSDS,base,psm3_base,,,,,,,0.10689030195678381,0.6063695725124559,0.5701352899458723,0.5145752906513488,0.5652361955788547,0.7238968675094263,0.6680215593994201,1.055407227689127,0.9808339374019803,0.9004645073840657,0.7115666406756138,0.40838641285230015,0.48088356799235216,0.48457409314550803,0.4808706172247015,0.3825304211411067,9.640642503060917
4001,USDS,ethereum,usds_ref4001,,,,,,,,,,,,,,,12200.287654194992,34070.235427067135,28435.58551280574,25260.478584246357,29059.501666005646,23206.767740808675,22600.09633102555,19571.75651023098,194404.7094263851
4011,sUSDS,ethereum,susds_susdc,,,,,,,,,,,,,,,,,,,,,0.0073119488860599975,3.763195583594378e-14,0.00731194888609763
4012,spUSDC,ethereum,sp,,,,,,,,,,,,,,,,,,,,,0.00010305554076857984,0.00015833633623227626,0.0002613918770008561
9001,USDS,ethereum,usds_aave,,17845.470418758843,32496.702241141193,9685.45271933533,69461.46968551146,156919.9006692738,161850.5204630886,144005.82231683523,112534.09673117401,31437.636008360754,12274.173066464622,7791.5309126247885,10235.68026700184,15695.485805060795,16541.72309462026,24660.408532270038,17637.13469130975,14381.456448326928,19582.080606333413,15706.362684071682,9626.615072541761,5739.954668040965,906109.6771021461
9998,sUSDS,base,psm3_base,,,,,,,,,0.00037847177556604174,0.0024646516588322327,0.006476266916977258,0.0024872395274152382,3.791455669117525,0.0010495162083291412,0.0017952852738089666,0.0020114294506228102,0.0008878885804595115,0.0018056617723551823,0.0009192013180997298,0.0006914550557541074,0.00025582177561601476,0.000398091423331188,3.8130766498546924
10000,sUSDS,arbitrum,psm3_arbitrum,,,,,,,135.302884833431,202.6122484463587,99.43736620445404,93.0780709545864,105.15965066039558,131.70745422394572,88.63716032328755,44.395103765818064,30.03082698539934,31.00812998395062,25.94501220188234,14.912594951655986,321.22715014783796,1197.6780005601413,1020.2903751763487,718.2050891972567,4259.62711861675
10000,sUSDS,base,psm3_base,,,0.0002168264360681706,0.04221284388716596,1.2189676580740632,60.322580438150744,708.4602193788654,22.793045484353136,8.69013527417329,5.307370435250233,6.64771640220152,7.741216436135009,11.92414115508262,9.33620490735673,8.325463456435871,7.804183831888479,347.7958596983634,532.5416481541833,840.4521665764562,372.58160586930836,18.972818505365442,16.76744311285458,2987.7252164448214
10000,sUSDS,optimism,psm3_optimism,,,,,,,,,,0.0000041930494986088745,,0.000029207885842919126,0.000040306047401825395,0.000041008088605108376,0.00003927631214199632,0.00007742408945853424,0.00009530772750572972,0.0009193524143101395,0.0011765079170182133,0.0005647357924732189,0.002352216287107476,0.002051886826069494,0.007391422437433263
10000,sUSDS,unichain,psm3_unichain,,,,,,,,,,1.407163100890487e-8,0.000043190265348064015,0.00008031328611699109,,,,0.00019746370444343795,0.0001600970642661025,0.00024039191329078453,0.0003122184026318586,0.0003362711107864224,0.0003485292399484082,0.0003382892625073426,0.002056778320970421
10001,sUSDS,arbitrum,psm3_arbitrum,,,,,,,1281.0447468015145,3397.779731533003,5294.780968514139,8801.822571063123,7402.52597868831,12099.750623659593,17706.317533873054,28390.226432783624,28197.013430780808,37561.4056298989,41909.4048461718,45200.776720608344,55540.812985432465,51419.67443968338,52109.2483209315,52302.88021577914,448615.4651762027
10001,sUSDS,base,psm3_base,,,,,,,762.1073701040326,3334.4809177987736,6367.807959816018,6316.386535302425,5884.572223928646,3374.509059887517,3685.6772505108524,2982.938971807091,3703.8700774069002,4270.9107264781505,3825.924389857696,3353.3510636907986,4261.125244868226,5399.703927166569,4298.551328101154,2846.6637534103256,64668.580800135176
10001,sUSDS,optimism,psm3_optimism,,,,,,,,,,21978.622766429384,10282.013729185219,16893.16987120069,30184.231726358004,26781.61285683578,33371.84222165279,47852.0788767241,30405.08552015428,14954.094212344093,8609.921254949053,6002.8046654906375,2815.995929075091,1730.2896546201039,251861.76328501923
10001,sUSDS,unichain,psm3_unichain,,,,,,,,,,6877.089936279138,14149.743630382545,16404.48695836731,15147.348411276123,12789.774639817797,5566.643584460254,2770.229925588567,1269.668069201846,597.8304711389718,269.1889637295718,145.8224263832919,80.81811952179635,60.79461594707803,76129.43975209427
13425,sUSDS,ethereum,susds_susdc,,0.14310664189420957,0.1761224427674841,0.18339136094812622,0.185223327709338,0.16879448422892154,0.18795133393983973,0.18263998982775023,0.10053245235369479,0.00018890724425342062,0.00019592345035852622,0.00019667353658222244,0.00019106849833277985,0.0001982040776828982,0.00019252750102133717,0.00019965251266851623,0.00016701922474331475,0.0001513350071333493,0.00016807214288336753,0.00016315212687630198,0.00016909952996907793,0.00016413129438449836,1.3301077998162538
13425,USDS-SKY,ethereum,farms,,0.03271355387985628,,,,,,,,,,,,,370.40271459148244,1029.0974125257135,858.006949414216,774.9740188257434,858.0099988032631,641.1623492109939,9.669231707178573,9.357321006947007,4550.712709639418
