ref_code,2026-01-01,2026-02-01,2026-03-01,2026-04-01,2026-05-01,2026-06-01,2026-07-01,2026-08-01,total
99,1199152.678146008,1325197.2218539538,1488079.2352712923,1497865.3392196165,1740557.1068397444,1390891.0658991383,534443.5033113043,279379.88269929704,9455566.033240354
128,1007554.5221324253,911630.9970530667,1271361.9362166522,1376423.2312388157,1510879.5267510887,1496631.0590744738,828854.0240032127,609890.0456002288,9013225.342069965
1,128866.34585978836,93394.60959994979,116888.18706356215,113219.35772645677,127559.69026498249,115668.07044311825,88743.43795716623,67992.18263939404,852331.8815544181
10001,77410.08282538562,64106.05246778218,68681.0484489793,62968.00545872387,59304.61369762955,56940.62823975677,36971.313067460964,35115.45683146546,461497.2010371837
1003,72534.27934933257,63275.99650204248,58520.44249491368,40385.98777047364,39570.15723846952,27312.91456409016,14515.706330414809,9599.96555409885,325715.4498038357
2002,0.0,0.0,174574.27559348385,116737.37465030182,1.7186620286687845e-08,2.425692446544036e-05,8.005768276538344e-05,0.00014232966529134912,291311.6504904472
192,56666.75697240863,41751.195888366565,48284.10945030168,37688.16905791436,26401.20299964372,19027.372633778155,18103.03253529758,21979.17033774511,269901.0098754558
1002,1969.5086009973384,2970.509575623729,29195.527856307144,28946.346538062688,33175.151497727,38593.103849998995,20682.56047218836,13558.61718196122,169091.32557286648
4001,28500.23359026769,25181.35989069196,29061.485806168872,23261.2716647824,22648.40488910128,19688.270811500584,4107.613818085293,1523.1923325973569,153971.83280319543
191,3403.2782772287674,5540.801423222604,8706.614996059438,13631.824661884688,25505.93963912788,26001.77324773009,25422.775897189105,21392.776596810974,129605.78473925353
188,1186.54009108743,270.23715633971824,9419.758197793093,18355.483748044437,12248.567595250148,50842.38897127054,29169.762972546392,5265.278354838564,126758.01708717033
9001,17730.23285334412,14347.43615766222,19582.446234383584,15967.75678579985,9527.38787911018,5835.13804652656,2750.8708436973475,1993.595224678403,87734.86402520226
183,21333.384118292208,13278.929767896734,11113.764428103525,9912.9679248368,11847.596192241095,8767.664182055745,4452.015105137724,3686.166565182914,84392.48828374674
-999999,14618.040746453846,9853.137812131827,14833.94127869464,8671.39303998274,7872.28509857828,7369.062790914531,6074.058203390612,4694.114535946609,73986.03350609308
2008,0.0,0.0,0.0,0.0,12035.78137657872,33511.04148847892,17489.63626815923,10886.821628989128,73923.280762206
197,6824.987655591928,6314.14970695117,5576.068892074833,8508.930721916859,10729.876247816592,8925.19938989209,9664.013652588652,11231.95461255388,67775.180879386
1007,10082.509231202834,13745.06290683427,15859.42842851465,14112.16519209712,10762.388445120381,0.4490237432755676,0.2576458192957115,0.1858735124821318,64562.4467468443
0,1280.69758659748,801.6451852421422,3360.016516811532,10570.339399386514,14651.669940730833,7116.483901883364,2411.3443429393824,1605.1509158697766,41797.347789461026
2001,0.0,0.0001080295529247,0.0016246835496007,82.24301693728246,8467.99352994732,21945.285982153167,8574.042295045127,2640.224944870344,41709.79150166635
1998,0.0,8.620555888252163e-05,5425.078324149193,6454.40020769498,7020.719853450289,4810.914277181574,4923.134510263595,5594.92538693962,34229.172645884806
127,7581.550624617081,6588.111896652522,5410.520383525395,3613.3572644627197,1824.590689325508,5924.86697309789,2653.178869900555,369.9223785669028,33966.09908014857
131,2533.881546392776,801.173241212727,4314.493506994891,4674.3305176641015,3911.6745866186193,3547.804258730563,4276.767838620755,4014.1118205393614,28074.237316773793
190,10486.781288093145,5343.599289667958,4238.445171347916,2928.6432937078202,2741.7709012551795,1418.4643364179283,329.96998357889225,367.72047821930687,27855.394742288147
1997,0.3318514472871808,0.3329049989406912,0.3339434963263763,0.3349734848324279,1.5143723197017869,6953.518137125108,8291.323682686629,12492.545449847752,27740.23531540658
224,0.0,0.0,0.0,0.0,4582.171535388149,12654.034063288222,6442.685622145808,2669.741901212616,26348.633122034793
130,284.56504668520626,263.830960323499,6315.989212986158,4736.493484507669,4041.56891910306,3451.9035246078965,3407.993431061834,3325.471059991229,25827.81563926655
2005,0.0,0.0,17144.96836066166,8259.87631199609,0.0,0.0,0.0,0.0,25404.84467265775
195,3879.9434461548944,1671.2194229595505,7613.53703214974,4968.323671764016,3082.9143029581537,835.1288408728477,539.5533509678133,221.8996685784046,22812.51973640542
186,978.2340294537966,1266.9799900515288,2578.976672658144,2215.0969865976135,1539.5756250775985,2221.6149588520802,2572.154199341728,1997.3473656829983,15369.979827715486
1004,3343.4554974429816,1098.6915765769184,1201.8067708839235,1746.8211982315427,2744.4810801395924,1723.4548522099276,697.4655456941099,285.4260767558645,12841.60259793486
200,2.104838623744943,0.7263402966706677,5.878727733110546,32.59537212877554,91.5958013829023,1728.252370931611,4390.286474133703,5867.131064028603,12118.57098925912
1001,2250.5984002787036,1597.6271283920482,1651.2528284082068,1429.8354985433173,908.3116539215047,805.6918357206398,419.2504589624846,298.6283231928862,9361.196127419793
10000,373.7411273050322,547.4554028501609,1161.6808054506073,1570.2605074363453,1039.2658944272312,734.9749224861846,419.5269825272572,179.3590387249721,6026.264681207791
2012,0.0,0.0,0.0,0.0,0.0,3.8016733755613336e-08,2834.561632392592,3093.727327191264,5928.288959621873
13425,858.0071164334405,774.9741701607504,858.010166875406,641.162512363121,9.669400806708545,9.357485138241392,5.369241767302659,3.8735341670581693,3160.4236277120285
216,0.0,0.0,216.60757545032504,377.4494563617,471.89007688000703,372.3924700452992,279.5555886252492,222.07534566360616,1939.9705130261866
1017,536.0788683024491,350.17939246703327,369.56330597230834,214.56147741888614,8.70388415007963,8.37208019834907,4.372914780972016,3.156575819067027,1494.9884991091446
1016,1201.0547443054504,167.53840482715015,8.978125634163069,0.5899580312151816,0.0,0.0,0.0,0.0,1378.1612327979788
1999,177.6857204469182,307.7580186696092,147.27364167877954,26.596398521464685,30.34189158796749,20.236179487707947,21.14386762725331,27.71695008796137,758.7526681076617
3000,0.0,0.0,0.0,0.00014260407450342213,0.0020260596499544,5.664205870055585,54.63050223950486,441.84047929326306,502.1373560665479
202,30.386040649378558,34.099096431263945,43.571521196256846,40.21406997684321,33.62557704595788,31.170023735708423,37.52630290750034,33.37330907430635,283.9659410172155
204,0.0,4.011879997199534,37.5962671987944,78.1538661707457,75.98416771565577,71.03941289437702,2.2063562322207195,0.5448315986126174,269.5367818076058
4011,0.0,0.0,0.0,0.0010422326618665,76.33899163024161,0.0034375795933461,119.49714441504648,7.72373427145418,203.5643501289975
129,2.5783950539830136,0.8784186794341433,0.905249572264424,0.8945214548047746,1.487193836997322,41.8493430279586,44.01295931709432,31.59966415354754,124.20574509608414
217,0.0,0.0,0.0,0.0,0.0,0.0,0.4977263426555278,58.95803651541864,59.455762858074166
194,4.959356411528602,4.254706242184499,4.699019694846309,4.297611310458415,4.379722019160075,4.129285572709232,2.312150162888121,1.6628495629481301,30.694700976723382
2222,0.0,0.0,0.0,10.677765476597324,14.746531904549192,1.6091233766164e-09,7.668522948115172e-10,5.9452026851882975e-08,25.42429744297452
214,0.0,0.0,0.0,0.0,1.2931678676815002e-05,0.14903150405769694,3.822701309168869,20.280322050121857,24.252067795027102
3009,0.0,0.0,0.0,0.0,0.0,0.0,0.0,21.185837012696982,21.185837012696982
219,0.0,0.0,0.0,14.263484409268685,0.0,0.0,0.0,0.0,14.263484409268685
132,0.0017896274734932,0.0001562807097113,0.0119981988758253,0.0081024718028665,0.0004486262090832,0.2688005517983651,10.539691501620426,0.0008112550323739,10.831798513522147
3333,0.7135887053081605,0.4102330743170206,0.48429439760770315,0.48800234917891333,0.48490751109904867,0.3895942917670811,0.2413896235227766,0.1408747275347248,3.3528846803354293
196,0.0317921847436433,0.2233904436224951,0.2541009830215702,0.2461022382650115,0.2545845933201827,0.2463520458960491,0.1417287071969012,0.1047199899165952,1.5027711859824482
3006,0.0,0.0,0.0,0.0,0.0,3.598096163206744e-06,0.77133688421398,0.656824739132023,1.4281652214421663
205,0.0011264375004834,0.03321011844171309,0.19762198116521962,0.2057577664733536,0.2127711426309872,0.2029670562487696,0.2096269241081709,0.210570017700477,1.2736514442691744
182,0.024188300674058444,0.021916858138205188,0.02434078791375146,0.023628254211819945,0.02448957765802189,0.02377006063042183,0.013675145058722978,0.009897922203633343,0.16590690648863507
198,0.018691882382983742,0.016948970005949943,0.019099349232378077,0.018590228973036027,0.019356316067533314,0.01038065349368305,0.0009636429117080446,0.0009685519412259841,0.10499959500849819
555,0.0040451400614592,0.0038442402801141,0.0042694001465769,0.0041444209757199,0.0042954980263271,0.0041692939727038,0.0023986350205692,0.0017361061053872,0.028902734588857396
171,0.0021172760729902002,0.0019184497479358001,0.0021306237483142,0.0020682534901209,0.0021436477705345,0.002080666240448,0.0011970273487859001,0.000866395458551,0.0145223398776805
303,0.0018265284442567,0.0016550052580214,0.0018380431961377,0.0017842377183736,0.0018492787394603,0.0017949459306058,0.0010326496997733,0.000747420692656,0.012528109679284801
223,0.0,0.0,0.0,0.0,0.0012568178975752998,0.0020770855058435,0.0012974746982771,0.0009945421947862,0.0056259202964821006
9998,0.0008878885804577,0.0018056617723542,0.0009192013180995,0.0006914550557539,0.0002558217756159,0.000398091423331,0.0001383964047372,0.000154993049594,0.005251509379943399
3001,0.0,0.0,0.0,0.0,2.6596740899378465e-08,0.0017306786429759561,0.001091114815142365,0.0013956162763903998,0.00421743633124962
206,0.0,0.0,0.0,0.0,0.0005301148553597,0.0008226657739649,0.0004732875514595,0.0003425604148386,0.0021686285956226997
100,0.0,0.0,0.0,0.0,0.0,0.0010533279638709,0.0006385991412551,0.0004622111569791,0.0021541382621050997
1020,0.0,0.0,0.0,0.0,0.0,0.0,0.0,0.0017002540529674,0.0017002540529674
123,0.0,0.0,0.0,0.0,0.0,0.0,0.0009315975702948,0.0007685454910026,0.0017001430612974002
2018,0.0,0.0,0.0,0.0,0.0,0.0,8.935215521156147e-05,0.0009409975806815,0.0010303497358930614
3123,0.0,0.0,0.0,0.0,0.0,0.0,0.0,0.0006584390369403,0.0006584390369403
184,0.0,0.0,0.0,0.0,0.0,0.00020769335855472926,0.0002358338639711,0.0001706940020412,0.0006142212245670293
4012,0.0,0.0,0.0,0.0,0.0001030555407685,0.0001583363362376,0.0001635317561061,0.0001642674714822,0.0005891911045944
3900,0.0,0.0,0.0,0.0,0.0,0.0,1.7466381623862738e-05,0.0005212357394418,0.0005387021210656628
1015,7.759091880595674e-05,7.030461474736664e-05,7.808006540593472e-05,7.579440899054346e-05,7.855735122780435e-05,7.624929379043798e-05,4.386695387200273e-05,3.1750427134116555e-05,0.0005321940339741632
3007,0.0,0.0,0.0,0.0,0.0,5.1089435731366586e-08,0.0004766589665380047,3.0796932559922213e-06,0.00047978974922972833
999,0.0,0.0,0.0,0.0,0.0,0.0001136549253037,0.0001693176004863,0.0001702212259318,0.0004531937517218
3002,0.0,0.0,0.0,0.0,0.0,0.0,1.2119716002574784e-06,0.0002697797942283,0.00027099176582855747
3008,0.0,0.0,0.0,0.0,0.0,3.0599199888002366e-05,7.766657149181292e-05,3.686297222626944e-05,0.00014512874360608473
170,1.3678634852662328e-05,1.2394119935495577e-05,1.376486733751346e-05,1.3361925086204767e-05,1.3849008865648146e-05,1.3442117500130735e-05,7.733379799436545e-06,5.597336722739006e-06,9.382139009983057e-05
232,0.0,0.0,0.0,0.0,0.0,0.0,0.0,2.2927266624264143e-05,2.2927266624264143e-05
2000,0.0,0.0,0.0,2.2340667242077928e-06,4.24958335704858e-06,4.124728301224436e-06,2.372995960089104e-06,1.717548830497864e-06,1.4698923173067776e-05
2003,0.0,0.0,0.0,2.2460466125637227e-15,1.3723579194193954e-08,5.202481405162402e-08,0.0,6.7835269034202755e-09,7.253192239528486e-08
2,6.684549236285796e-15,6.056815527568082e-15,6.726689793217358e-15,6.529777795249059e-15,6.764059537758732e-15,6.561803963486134e-15,3.775074433850612e-15,8.820697051387917e-16,4.3980839992554566e-14
