ref_code,token,2026-01-01,2026-02-01,2026-03-01,2026-04-01,2026-05-01,2026-06-01,2026-07-01,2026-08-01,2026-09-01,total
99,sUSDS,1199152.6781460077,1325197.2218539538,1488079.2352712923,1497865.3392196165,1740557.1068397444,1390891.0658991383,534443.5033113043,279379.88269929704,266067.6315960283,9721633.664836382
128,sUSDS,345412.7549546879,474523.94336622127,764025.7415811403,792850.9409694094,741846.5231498312,995816.7360352547,553383.9888238084,397744.6939583297,356265.92045576626,5421871.243294449
128,USDS-SPK,235384.7255214065,206409.47023664703,236624.40877949496,299366.4901370534,400011.9462783306,239377.0116695222,128786.5560019328,91577.72462593416,91277.56749425246,1928815.9007445741
128,sUSDC,322316.346425795,143123.83989824879,129826.69491447961,92073.67195456201,84611.22626291262,81886.32530184808,50261.054927837424,44678.988475245686,54781.57959574601,1003559.7277566751
128,spUSDT,26236.946469230123,36355.43210240577,58753.237470020336,116887.7372186133,171768.11380974212,130315.42018696808,52247.75411042509,34538.56208849452,37125.03414837318,664228.2376042726
1,sUSDS,80671.34256315281,63157.02945947163,93109.87676370666,91349.18863490333,102618.00264101857,95744.31729056542,47756.68487363634,31924.820860469164,28945.4511972812,635276.7142842052
128,spUSDC,46895.92076711907,42835.730918925525,76094.73351162895,70591.15676383443,109959.02859881432,46897.75976072591,42956.89392766788,40637.33707362327,45548.36995946183,522416.9312818012
10001,sUSDS,77410.08282538562,64106.05246778218,68681.0484489793,62968.00545872387,59304.61369762955,56940.62823975677,36971.313067460964,35115.45683146546,45794.3349856454,507291.5360228291
1003,sUSDS,72534.27934933257,63275.99650204248,58520.44249491368,40385.98777047364,39570.15723846952,27312.91456409016,14515.706330414809,9599.96555409885,9022.405261996502,334737.8550658322
192,sUSDC,56666.75697240863,41751.195888366565,48284.10945030168,37688.16905791436,26401.20299964372,19027.372633778155,18103.03253529758,21979.17033774511,21727.696781352253,291628.7066568081
2002,sUSDS,0.0,0.0,174574.27559348385,116737.37465030182,3.573038039092102e-09,3.4680602503654283e-09,1.995208499192483e-09,1.4441103491211899e-09,1.4016098731758654e-09,291311.6502437976
1002,sUSDS,1967.5988770266629,2968.7846636502154,29193.370606192297,28944.498418091065,33173.24177375632,38551.77458072775,20494.60702569584,13458.318301574349,12981.030410641966,181733.22465735648
4001,USDS,28500.23359026769,25181.35989069196,29061.485806168872,23261.2716647824,22648.40488910128,19688.270811500584,4107.613818085293,1523.1923325973569,1076.3747994723158,155048.20760266774
191,spUSDT,1238.8487513809762,5514.674890687888,8197.761337770486,11307.88327657582,22118.93964056115,22715.15522220322,23519.34183590616,20007.163807892717,17677.21276475035,132296.98152772879
9001,USDS,17730.23285334412,14347.43615766222,19582.446234383584,15967.75678579985,9527.38787911018,5835.13804652656,2750.8708436973475,1993.595224678403,1497.6704875824305,89232.5345127847
183,sUSDS,21333.384118292208,13278.929767896734,11113.764428103525,9912.9679248368,11847.596192241095,8767.664182055745,4452.015105137724,3686.166565182914,4698.682324473433,89091.17060822019
1,USDS-GROVE,0.0,0.0,0.0,0.0,0.0,0.0,31984.30761549941,29698.51610842632,27321.82214869867,89004.6458726244
2008,sUSDS,0.0,0.0,0.0,0.0,12035.78137657872,33511.04148847892,17489.63626815923,10886.821628989128,9434.319546007078,83357.60030821309
1,USDS-SPK,14315.545141962417,17223.427140052314,11831.249619871358,11558.71954463901,12022.194630382744,9177.87527157436,2633.663513878614,665.3327153253023,607.1685969663423,80035.17617465246
197,stUSDS,6824.987655591928,6314.14970695117,5576.068892074833,8508.930721916859,10729.876247816592,8925.19938989209,9664.013652588652,11231.95461255388,11725.986196412585,79501.16707579858
1998,USDS,0.0,0.00019789789721410834,13788.45426523544,15875.41261142315,17843.958893167044,11833.05136508098,6767.255490013687,5696.546283555785,5185.50936733331,76990.1884737073
188,sUSDS,0.0,0.0,0.0001783336919518,0.0002315347902705,3610.2056950289775,39302.26167016367,21646.81901870906,542.8891354775254,193.9234899246299,65296.099419172344
1997,sUSDS,0.8434382381915353,0.7642337700311032,0.8487554190272794,0.8239095987975956,3.848949678347971,17103.05620594581,11730.409351776641,12719.448148603155,14902.209044943567,56462.252037973565
188,spUSDT,0.0,0.0,5889.436200565305,12300.613915914826,7694.248891429038,10930.812273128802,7190.481435481101,4481.901172809806,4535.921177869957,53023.41506719883
1,USDS-CLE,5139.569418021428,4193.825801997757,6259.944050521854,5552.854341944114,8195.196856781844,7045.931579646939,3248.211598548951,2465.6868320761373,2006.0695879354128,44107.29006747444
2001,sUSDS,0.0,0.0001080295529247,0.0016246835496007,82.24301693728246,8467.99352994732,21945.285982153167,8574.042295045127,2640.2249448703437,49.81464240699203,41759.60614407334
0,sUSDS,1151.1195951165948,684.990128280433,2815.771925170584,9239.057083180563,14171.755184173166,6828.975890167876,2305.1362307345566,1588.6311307976234,1200.065689111334,39985.50285673273
1,USDS-SKY,26939.33549502678,5782.404728469447,2741.3226850997657,1747.6126255577624,1012.7506996229462,657.8992651853757,333.47371966385055,229.50786006358052,189.84486278943768,39634.15194147894
1007,sUSDS,1592.6490640759569,8119.972825344363,11131.847598719756,8884.395859643158,9316.851042811795,0.0,0.0,0.0,0.0,39045.71639059503
127,sUSDC,7581.550624617081,6588.111896652522,5410.520383525395,3613.3572644627197,1824.590689325508,5924.86697309789,2653.178869900555,369.9223785669028,288.31192412469903,34254.411004273265
128,USDS-SKY,24672.19592251117,3387.120502572885,2561.8841931601246,1853.8637651654724,221.3950610083519,145.6854355588288,64.81223927603865,44.8530365551543,40.95043382732176,32992.76058963535
-999999,USDS-SKY,8027.601556603574,4570.906514113387,4471.4099774483575,3634.382100657698,3717.355529435626,3584.6962025791595,2056.674792104878,1402.593837251783,1320.1326528578434,32785.75316305231
131,spUSDC,2533.881546392776,801.173241212727,4314.493506994891,4674.3305176641015,3911.674586618619,3547.804258730563,4276.767838620755,4014.1118205393614,3743.1234978468224,31817.360814620617
-999999,stUSDS,2567.498843936495,2940.973591114515,8379.943235092931,3403.7477577220566,3088.4834466001043,2931.319815238268,3101.562905439575,2785.8159717168974,2189.430032591092,31388.775599451936
130,spUSDT,284.56504668520626,263.830960323499,6315.989212986158,4736.493484507669,4041.56891910306,3451.9035246078965,3407.993431061834,3325.471059991229,3174.1449203989578,29001.96055966551
2005,sUSDS,0.0,0.0,17144.96836066166,8259.87631199609,0.0,0.0,0.0,0.0,3004.454913414674,28409.299586072422
190,spUSDC,10282.55469592626,5236.374805331465,4043.2850919580796,2760.8332165166394,2649.7470075294923,1374.558729783835,294.2686456750341,331.8301055359238,304.6975713960696,27278.1498696528
1,stUSDS,1800.5532416249337,3037.922469958643,2945.7939443625096,3010.982579412556,3711.545437176376,3042.0470361461453,2787.096635939073,3008.3182630335355,2676.344471214873,26020.604078868648
128,USDS-CLE,6597.992371524815,4966.638171624769,3409.087513838566,2642.932151576144,2314.2003045853626,2052.7923999529944,1092.8415607083011,652.4289999718135,569.0540861352438,24297.967559918012
224,sUSDS,0.0,0.0,0.0,0.0,4185.174239133085,10955.860171172906,5942.257448930829,2230.835018413487,740.6979734773091,24054.824851127614
195,sUSDC,3879.9434461548944,1671.2194229595505,7613.53703214974,4968.323671764016,3082.9143029581537,835.1288408728477,539.5533509678133,221.8996685784046,537.2134048933176,23349.733141298737
1007,USDS-SPK,4375.433402403488,3023.763038076548,4628.610029240478,5225.033275171423,1445.042201719432,0.0,0.0,0.0,0.0,18697.881946611367
200,sUSDS,0.0,0.0,0.0,0.0013388331706172807,0.0037413186835405,1650.0972680738028,4384.721396957282,5670.998677133328,4160.411722453363,15866.23414476963
191,sUSDC,0.0,0.0,479.8528629040974,2295.743077639676,3357.408810880088,3258.766325420516,1874.7996862730877,1356.959751610868,784.9017044666695,13408.432219195003
188,sUSDC,1186.54009108743,270.23715633971824,3530.3218188940973,6054.86960059482,944.1130087921326,609.3150279780675,332.46251835623366,240.48804655123303,141.06999548549786,13309.41726407923
1004,sUSDS,3343.442120114896,1098.679455469038,1201.7933092228436,1746.8081306368847,2744.467536190416,1723.441706189298,697.4579826616948,285.4206027147376,178.30297024044916,13019.813813440258
-999999,USDS-CLE,3577.671967725464,2132.665476014648,1631.1025462245536,1235.5299872811368,893.9614049883402,731.8733595275274,332.145957662052,203.68899274045984,335.8467374455517,11074.486429609735
2012,sUSDS,0.0,0.0,0.0,0.0,0.0,3.8016733755613336e-08,2834.561632392592,3093.727327191264,3002.6782713274238,8930.967230949296
186,spUSDC,16.662048248800232,37.41974152657075,70.26378952665561,325.9814220217969,700.1053095802848,1504.7176180715526,2208.6667535291544,1710.1619523075133,696.0925193800886,7270.071154192417
186,sUSDC,840.8570368959579,1037.5779899606605,2311.077890095982,1372.0100777453858,491.5653068215305,449.8170001226513,255.355913697204,183.1978489380528,140.60969663599198,7082.068760913417
1007,USDS-SKY,4114.426764723389,2601.327043413359,98.97080055441656,2.736057282538434,0.4952005891537387,0.4490237432755676,0.2576458192957115,0.1858735124821318,0.1798775927246437,6819.028287230635
10000,sUSDS,373.7411273050322,547.4554028501609,1161.6808054506073,1570.2605074363453,1039.2658944272312,734.9749224861846,419.5269825272572,179.3590387249721,62.493785664068,6088.758466871859
1001,sUSDS,876.50457859825,747.4718750714136,795.1737336840521,763.0786765492209,787.3766333979717,702.4650173574214,386.628667628612,280.4637214254899,263.1519542755604,5602.314857987992
224,USDS-SPK,0.0,0.0,0.0,0.0,396.99729625506376,1698.1738921153155,500.428173214979,438.9068827991291,971.515905816516,4006.022150201003
1001,USDS-SKY,1291.0061823694978,810.0991426370302,811.8272807307619,624.4763085352918,77.3364647179617,63.36842156058193,15.306633391776568,5.6729213874157445,5.489923923305564,3704.583279253623
13425,USDS-SKY,858.0069494142158,774.9740188257433,858.0099988032631,641.1623492109941,9.669231707178575,9.357321006947007,5.369147340986535,3.8734658223110414,2.010112894366199,3162.432595026006
191,spUSDC,2164.429525847791,26.126532534716148,29.000795384854925,28.198307669192516,29.591187686639348,27.851700106357136,28.634375009855077,28.653037307384903,27.4775224310029,2389.962983977794
216,sUSDC,0.0,0.0,216.60757545032504,377.4494563617,471.89007688000703,372.3924700452992,279.5555886252492,222.07534566360616,163.5189749737519,2103.4894879999383
0,USDS-CLE,0.0004236023101533,0.000382608538203,324.5719582459788,1121.4381124454742,340.38485218245245,171.04553525016152,36.69758626643949,0.7695346593656069,0.7004614397456064,1995.608846700466
186,spUSDT,120.67323043612676,191.96672044661972,197.63486241321883,517.1053600318808,347.9048772550315,267.0802130983373,108.13145073131768,103.98749441379368,98.65727467712368,1953.14148350345
1999,USDS,451.60848997548294,706.5050738606662,374.31272903898423,65.41720174133492,77.11737222651685,49.77343962389806,29.933395764632714,28.220374374186715,20.346494922357287,1803.23457152806
-999999,USDS-SPK,445.26837818831183,208.5922308892758,351.4855199287976,397.73319432184826,172.4847175542089,121.17341196154143,43.45984423176586,28.87919557782437,27.87578002012546,1796.9522726736996
1017,sUSDC,534.9088115180322,350.08646683524233,369.47741237132755,214.50178163001877,8.641758550280066,8.312587468210916,4.317580243471964,3.1031492255243935,2.8384593893309487,1496.1880072314389
1016,USDS-SKY,1201.0547443054504,167.53838068751205,8.978125634163069,0.1477356033786593,0.0,0.0,0.0,0.0,9.723768244010416e-21,1377.7189862305042
232,sUSDS,0.0,0.0,0.0,0.0,0.0,0.0,0.0,0.0,1223.479577361073,1223.479577361073
3000,sUSDS,0.0,0.0,0.0,0.00014260407450342213,0.0020260596499544,5.664205870055585,54.63050223950486,441.84047929326306,670.8286386407931,1172.965994707341
-999999,USDS-GROVE,0.0,0.0,0.0,0.0,0.0,1.6080349151739357e-06,540.214703952341,273.13653865964466,292.1606338731784,1105.511878093199
190,spUSDT,119.0483729512008,62.35919818066032,152.37783182950014,135.17377143079602,85.21628261117516,39.03541670587656,35.69601554401816,35.88652041685065,34.81395570151222,699.60736537159
128,spPYUSD,37.63970015068171,28.82185642072108,66.14825288914626,156.43827860146808,147.093285864086,139.3282846430351,60.12241155677695,15.457342074588102,12.203700913001056,663.2531131135044
0,USDS-SPK,0.0013089311383739,0.0011822603830474,180.59640861937623,179.82666709926744,115.57689776385293,99.15189580086356,37.04614918295363,6.005992280632994,5.81214597541157,624.0186479138797
2009,USDS-GROVE,0.0,0.0,0.0,0.0,0.0,0.0,0.0,0.0,549.8117312472126,549.8117312472126
1002,USDS-GROVE,0.0,0.0,0.0,0.0,0.0,0.0,164.09056165516492,96.63394400026418,124.96751476760438,385.69202042303345
200,spUSDC,2.6460090789674466e-08,0.5933760123583132,5.259007041776051,32.09050511442707,91.57472388984816,78.15080675346192,3.022977496586654,109.00723858581976,57.34446258375079,377.0430975044888
1001,USDS-CLE,83.08763931095574,40.05611068360438,44.251813993392815,42.280513458804656,43.59855580557127,39.85839680263642,17.315157942096015,12.491680379980602,12.088722948368323,335.0285913254103
202,spUSDT,29.89583632690229,30.03227596138699,42.34435514159792,40.040278970950425,31.89591873227368,22.751804529636868,21.820111700708797,21.93653297513492,21.27995649404848,261.99707083264036
204,sUSDC,0.0,4.011477497425718,34.51553312261415,73.57826864088607,75.96517780288261,71.03322398311,2.2052850653597735,0.5440563144957603,0.0948487802461367,261.94787120702017
217,spUSDT,0.0,0.0,0.0,0.0,0.0,0.0,0.0001781247713304,11.16656202343284,209.3476043086344,220.5143444568386
4011,sUSDS,0.0,0.0,0.0,0.0010422326618665,76.33899163024161,0.0034375795933461,119.49714441504648,7.72373427145418,12.307465499744255,215.87181562874176
190,sUSDC,85.01997124702696,44.86528615583279,42.7822475603361,25.016782642876997,0.0095313317748941,0.0092512960959,0.005322359839954,0.0038522665324127,0.0035552218993106996,197.7158000822153
0,sUSDC,35.700642793391474,31.872545359592785,34.76622663549264,29.802220282076046,23.7296720843969,17.093291250897327,9.716130473342613,6.990716983974637,6.777840088917432,196.44928595208185
0,USDS-SKY,93.8707458212155,84.77651254934602,4.305060941002722,0.210514239737068,0.2183282791814815,0.2112854314659498,0.1182139971765678,0.0848653516146049,0.0821277596270377,183.87765437036697
200,spUSDT,2.104809893031371,0.0,0.4806163654193227,0.5034409367035659,0.0172432055902348,0.0041703549266882,2.542025575256907,87.125094673363,57.730397787202826,150.5077987914939
129,sUSDC,2.5779557833585005,0.593354734238549,0.3929064571935467,0.213290069311691,0.5917428320463922,41.014214722040506,43.380565643094094,31.49002292867356,30.19604618666757,150.4500993566244
3009,sUSDS,0.0,0.0,0.0,0.0,0.0,0.0,0.0,21.185837012696982,112.36900000298262,133.5548370156796
217,spUSDC,0.0,0.0,0.0,0.0,0.0,0.0,0.4975482178841974,47.7914744919858,64.09888443873234,112.38790714860234
1002,USDS-CLE,0.6355282217341335,0.5740254905985722,0.8823900578933899,0.6150273113556131,0.6355282217341335,40.09617661097724,23.15494890664559,3.153988230508152,5.71177038322247,75.45938343466929
214,spUSDC,0.0,0.0,0.0,0.0,6.709176351375614e-06,0.1490199599907158,3.173446952946674,18.880556172408006,50.18017646588958,72.38320626041133
1020,sUSDS,0.0,0.0,0.0,0.0,0.0,0.0,0.0,0.0017002540529674,65.38803387217345,65.38973412622641
202,spUSDC,0.4902043224762666,4.066820469876955,1.227166054658925,0.1737910058927882,1.7296583136841994,8.418219206071555,15.70619120679154,11.436776099171428,10.934510786598262,54.18333746522192
232,spUSDT,0.0,0.0,0.0,0.0,0.0,0.0,0.0,1.3558014559778749e-06,35.38457699200007,35.38457834780153
194,sUSDC,4.959356411528602,4.254706242184499,4.699019694846309,4.297611310458415,4.379722019160075,4.129285572709232,2.312150162888121,1.6628495629481301,1.6059145407005895,32.30061551742397
3008,sUSDS,0.0,0.0,0.0,0.0,0.0,3.0599199888002366e-05,7.766657149181292e-05,3.686297222626944e-05,30.60320450663336,30.60334963537697
2222,sUSDS,0.0,0.0,0.0,10.677765476597324,14.746531904549192,1.6091233766164e-09,7.668522948115172e-10,5.9452026851882975e-08,4.19429518626108e-13,25.42429744297494
0,USDS-GROVE,0.0,0.0,0.0,0.0,0.0,0.0,22.62168216635369,0.0,0.0,22.62168216635369
190,sUSDS,0.1582479686580367,0.0,0.0,7.619523117508173,6.798079782737516,4.860938632120878,0.0,0.0,0.0,19.436789501024606
219,sUSDS,0.0,0.0,0.0,14.263484409268685,0.0,0.0,0.0,0.0,0.0,14.263484409268685
132,spPYUSD,0.0017896274734932,0.0001562807097113,0.0119981988758253,0.0081024718028665,0.0004486262090832,0.2688005517983651,10.539691501620426,0.0008112550323739,0.0008072151195572,10.832605728641704
1002,USDS-SKY,1.274195748941338,1.150886482914757,1.274860056953132,1.233092660265811,1.274195748941338,1.233092660265811,0.70753757118527,0.5104390745744638,0.1272496634109863,8.785549667452907
0,spUSDC,0.0,0.0,0.0,4.772900470832357e-07,1.4911404290327084e-05,0.0011486189186525,0.0033027505412955,2.6636022346823576,5.803928837474438,8.471997830311082
204,spUSDC,0.0,0.0,3.080614387616751,4.560663661147945,0.0,0.0,2.05595683472231e-08,0.0,6.423755291881661e-05,7.641342306877183
214,spUSDT,0.0,0.0,0.0,0.0,6.222502325439388e-06,1.154406698115298e-05,0.6492543562221954,1.399765877713851,4.934652297089788,6.983690297595141
129,sUSDS,0.0004392706245132,0.2850639451955943,0.5123431150708777,0.6812313854930839,0.8954510049509302,0.8351283059180911,0.632393674000229,0.1096412248739798,0.0532726018222091,4.004964527949508
3333,sUSDS,0.7135887053081607,0.41023307431702083,0.48429439760770326,0.4880023491789135,0.4849075110990488,0.3895942917670814,0.2413896235227767,0.1408747275347249,0.0057236659257807005,3.358608346261211
232,spUSDC,0.0,0.0,0.0,0.0,0.0,0.0,0.0,2.157146516828627e-05,3.1644212455615706,3.164442817026739
3006,sUSDS,0.0,0.0,0.0,0.0,0.0,0.0,0.7711922221718281,0.6567796644990028,0.9440431669518432,2.372015053622674
196,sUSDC,0.0317921847436433,0.2233904436224951,0.2541009830215702,0.2461022382650115,0.2545845933201827,0.2463520458960491,0.1417287071969012,0.1047199899165952,0.0996602900345088,1.602431476016957
205,spUSDC,0.0005315126059556,0.0088971544934479,0.1975914559891904,0.2057577664733536,0.2127711426309872,0.2029670562487696,0.2096269241081709,0.210570017700477,0.2052367977659873,1.4539498280163397
1017,sUSDS,1.1035910374114648,0.013374590672049,0.0136764409355987,0.0132760872114867,0.013760041933091,0.0133557644641365,0.0076837000652599,0.0055613790680402,0.0053977064945087,1.1896767482556356
234,spUSDC,0.0,0.0,0.0,0.0,0.0,0.0,0.0,0.0,0.5493876014981194,0.5493876014981194
1017,spUSDC,0.0238070409091449,0.0795510411188638,0.072217160045219,0.0464197016558509,0.0483655578664718,0.0461369656740174,0.0476508374347926,0.047865214474593,0.0434105531486235,0.4554240723275769
1016,USDS-SPK,0.0,2.413963809930457e-05,0.0,0.4422224278365224,0.0,0.0,0.0,0.0,0.0,0.4422465674746217
3007,sUSDS,0.0,0.0,0.0,0.0,0.0,5.1089435731366586e-08,0.0004737928136351,2.698249253076424e-06,0.357417911670662,0.3578944538229859
200,sUSDC,2.870425348069329e-05,0.1329642843123545,0.1391043259151728,8.724447429225608e-05,9.29687803588014e-05,0.00012574941969345138,7.410457757928168e-05,5.3636092389746135e-05,6.709602867490294e-05,0.2725981138539964
182,sUSDC,0.024188300674058444,0.021916858138205188,0.02434078791375146,0.023628254211819945,0.02448957765802189,0.02377006063042183,0.013675145058722978,0.009897922203633343,0.009606624239610093,0.17551353072824516
1004,sUSDC,0.0133773280851903,0.012121107880297799,0.0134616610799577,0.0130675946578913,0.013543949176655402,0.0131460206296777,0.0075630324150594,0.005474041126903,0.005312938927629201,0.09706767397926179
198,spUSDC,0.01632283303932784,0.014845726730358541,0.016888672313058475,0.016445239842848028,0.017134718619706415,0.00913016352329395,0.0002074641349303445,0.0002083375391966841,0.0002028160409638462,0.09138597178368413
204,sUSDS,0.0,0.000402499773815989,0.0001196885634978,0.0149338687117024,0.018989912773162598,0.0061889112670309,0.0010711463013778,0.0007752841168572,0.0156883878974432,0.058169699404887885
186,sUSDS,0.0417138729115813,0.0155381176779009,0.0001306222871646,0.0001267985497343,0.0001314207517325,0.0001275595390169,8.138405222311042e-05,7.00236386417126e-05,6.7962828003864e-05,0.05798776223599919
0,stUSDS,0.0048703328296245,0.0044341838491031,0.0049371990973134,0.0048016621053133,0.004991336380264,0.0048553631810393,0.0050473680182653,0.0050735618829975,0.0049318498872249,0.0439428572311453
1017,spUSDT,0.0426587060963555,0.0,0.0,0.0,0.0,0.0,0.0,0.0,0.0,0.0426587060963555
555,sUSDC,0.0040451400614592,0.0038442402801141,0.0042694001465769,0.0041444209757199,0.0042954980263271,0.0041692939727038,0.0023986350205692,0.0017361061053872,0.0016850121319831,0.030587746720840497
205,sUSDC,0.0005949248945278,0.0243030346865631,0.0,0.0,0.0,0.0,0.0,0.0,0.0,0.0248979595810909
171,sUSDS,0.0021172760729902002,0.0019184497479358001,0.0021306237483142,0.0020682534901209,0.0021436477705345,0.002080666240448,0.0011970273487859001,0.000866395458551,0.0008403137648433,0.0153626536425238
198,spUSDT,0.0023690493436559,0.0021032432755914,0.0022106769193196,0.002144989130188,0.0022215974478269,0.0012504899703891,0.0007561787767777,0.0007602144020293,0.0007374933598598,0.014553932625637702
303,sUSDS,0.0018265284442567,0.0016550052580214,0.0018380431961377,0.0017842377183736,0.0018492787394603,0.0017949459306058,0.0010326496997733,0.000747420692656,0.0007254239420693,0.013253533621354101
223,spUSDC,0.0,0.0,0.0,0.0,0.0011179653773255,0.0019131756254651,0.001127761902164,0.0008239236641213,0.0007326512248877,0.0057154777939636
3001,sUSDS,0.0,0.0,0.0,0.0,2.6596740899378465e-08,0.0017306786429759561,0.001091114815142365,0.0013956162763903998,0.0013830435599100999,0.00560047989115972
9998,sUSDS,0.0008878885804578,0.0018056617723545,0.0009192013180997,0.0006914550557541,0.000255821775616,0.0003980914233311,0.0001383964047372,0.0001549930495941,8.691425036628132e-05,0.005338423630310781
3123,sUSDS,0.0,0.0,0.0,0.0,0.0,0.0,0.0,0.0006584390369403,0.0019539949572971,0.0026124339942374
100,sUSDS,0.0,0.0,0.0,0.0,0.0,0.0010533279638709,0.0006385991412551,0.0004622111569791,0.0004486081839301,0.0026027464460351996
206,sUSDC,0.0,0.0,0.0,0.0,0.0005301148553597,0.0008226657739649,0.0004732875514595,0.0003425604148386,0.0003324787886806,0.0025011073843033
123,sUSDS,0.0,0.0,0.0,0.0,0.0,0.0,0.0009315975702948,0.0007685454910026,0.0007459270330897,0.0024460700943871004
3006,sUSDC,0.0,0.0,0.0,0.0,0.0,3.598096163206744e-06,0.00014466204215179214,4.507463302009883e-05,0.0021507982094555625,0.00234413298079066
1002,USDS-SPK,0.0,0.0,0.0,0.0,0.0,0.0,0.0003983595235856,0.0005090815238442,0.000492659539204,0.0014001005866338002
13425,sUSDS,0.0001670192247433,0.0001513350071333,0.0001680721428833,0.0001631521268763,0.000169099529969,0.0001641312943844,9.442631612438351e-05,6.834474712783191e-05,6.633334662574193e-05,0.0012119137358675577
3002,sUSDS,0.0,0.0,0.0,0.0,0.0,0.0,1.2119716002574784e-06,0.0002697797942283,0.0007841352615578,0.0010551270273863574
3900,sUSDS,0.0,0.0,0.0,0.0,0.0,0.0,1.7466381623862738e-05,0.0005212357394418,0.0004927786486202,0.0010314807696858628
2018,sUSDS,0.0,0.0,0.0,0.0,0.0,0.0,8.935215521156147e-05,0.0009409975806815,0.0,0.0010303497358930614
223,spUSDT,0.0,0.0,0.0,0.0,0.0001388525202498,0.0001639098803784,0.0001697127961131,0.0001706185306649,0.0001655191392041,0.0008086128666102999
184,sUSDS,0.0,0.0,0.0,0.0,0.0,0.00020769220228110082,0.0002358338639711,0.0001706940020412,0.00016602480888930408,0.000780244877182705
4012,spUSDC,0.0,0.0,0.0,0.0,0.0001030555407685,0.0001583363362376,0.0001635317561061,0.0001642674714822,0.0001601069810047,0.0007492980855991
999,spUSDT,0.0,0.0,0.0,0.0,0.0,0.0001136549253037,0.0001693176004863,0.0001702212259318,0.0001651337089863,0.0006183274607081
1015,sUSDS,7.759091880595674e-05,7.030461474736664e-05,7.808006540593472e-05,7.579440899054346e-05,7.855735122780435e-05,7.624929379043798e-05,4.386695387200273e-05,3.1750427134116555e-05,3.081600528367522e-05,0.0005630100392578384
2002,stUSDS,0.0,0.0,0.0,0.0,1.3613582247595744e-08,2.4253456405189995e-05,8.005568755688425e-05,0.000142328221181,0.0001383527860245,0.0003850037647498218
170,sUSDS,1.3678634852662328e-05,1.2394119935495577e-05,1.376486733751346e-05,1.3361925086204767e-05,1.3849008865648146e-05,1.3442117500130735e-05,7.733379799436545e-06,5.597336722739006e-06,5.432605907751483e-06,9.925399600758205e-05
205,sUSDS,0.0,9.92926170209157e-06,3.05251760292138e-05,0.0,0.0,0.0,0.0,0.0,0.0,4.045443773130537e-05
2000,sUSDS,0.0,0.0,0.0,2.2340667242077928e-06,4.24958335704858e-06,4.124728301224436e-06,2.372995960089104e-06,1.717548830497864e-06,1.6670010016564486e-06,1.6365924174724226e-05
3007,stUSDS,0.0,0.0,0.0,0.0,0.0,0.0,2.866152902904697e-06,3.814440029157973e-07,3.70789714631696e-07,3.6183866204521904e-06
184,spUSDC,0.0,0.0,0.0,0.0,0.0,0.0,0.0,0.0,7.324149319836892e-07,7.324149319836892e-07
3003,sUSDS,0.0,0.0,0.0,0.0,0.0,0.0,0.0,0.0,6.414176501492747e-07,6.414176501492747e-07
2003,sUSDS,0.0,0.0,0.0,2.2460466125637227e-15,1.3723579194193954e-08,5.202481405162402e-08,0.0,6.7835269034202755e-09,0.0,7.253192239528486e-08
184,stUSDS,0.0,0.0,0.0,0.0,0.0,1.1562736284223151e-09,0.0,0.0,0.0,1.1562736284223151e-09
0,spUSDT,0.0,0.0,0.0,0.0,0.0,0.0,0.0,0.0,4.637596687967134e-10,4.637596687967134e-10
2,sUSDS,6.684549236285797e-15,6.056815527568082e-15,6.726689793217358e-15,6.529777795249059e-15,6.764059537758732e-15,6.561803963486134e-15,3.775074433850612e-15,8.820697051387917e-16,2.3868665919523494e-15,4.6367706584506915e-14
303,USDS-SKY,0.0,0.0,0.0,0.0,0.0,0.0,0.0,0.0,3.186284378197333e-16,3.186284378197333e-16
-999999,spETH,0.0,0.0,0.0,0.0,0.0,0.0,0.0,0.0,0.0,0.0
128,spETH,0.0,0.0,0.0,0.0,0.0,0.0,0.0,0.0,0.0,0.0
202,spETH,0.0,0.0,0.0,0.0,0.0,0.0,0.0,0.0,0.0,0.0
214,spETH,0.0,0.0,0.0,0.0,0.0,0.0,0.0,0.0,0.0,0.0
205,spETH,0.0,0.0,0.0,0.0,0.0,0.0,0.0,0.0,0.0,0.0
186,spETH,0.0,0.0,0.0,0.0,0.0,0.0,0.0,0.0,0.0,0.0
190,spETH,0.0,0.0,0.0,0.0,0.0,0.0,0.0,0.0,0.0,0.0
204,spETH,0.0,0.0,0.0,0.0,0.0,0.0,0.0,0.0,0.0,0.0
1017,spETH,0.0,0.0,0.0,0.0,0.0,0.0,0.0,0.0,0.0,0.0
