ref_code,token,blockchain,source,2024-09,2024-10,2024-11,2024-12,2025-01,2025-02,2025-03,2025-04,2025-05,2025-06,2025-07,2025-08,2025-09,2025-10,2025-11,2025-12,2026-01,2026-02,2026-03,2026-04,2026-05,2026-06,total_dr_usd
-999999,spETH,ethereum,sp,,,,,,,,,,,,,,0,0,0,0,0,0,0,0,0,0
-999999,stUSDS,ethereum,stusds,,,,,,,,,,,,,,18189.707755905507,38392.69112774795,34483.229903360334,2567.498843936495,2940.9735911145144,8379.94323509293,3403.7477577220575,3088.4834466001053,2416.313685152217,113862.5893466321
-999999,USDS-CLE,ethereum,farms,1723.6920202524464,9340.458411692249,8895.985037401835,6963.367239195586,6361.5054967709775,4467.28289007443,4218.210859257115,3861.685888545295,3898.7624365131383,3475.118244884933,3432.990434304532,3003.4071595807663,993.1211996278436,1837.3868721759745,2071.6401138393558,3043.555905946383,3577.671967725463,2132.665476014649,1631.1025462245539,1235.529987281137,893.9614049883403,609.7187024347323,77668.82029473175
-999999,USDS-SKY,ethereum,farms,75116.03443617138,181366.6355993637,148973.66017993915,109451.23108192331,84897.86629267626,27842.189682601907,25897.554620375224,24371.989009874073,23359.284325510216,17346.651770641405,14825.209311820323,13868.566646110778,11976.462017914973,11049.742973151673,9515.9477855527,9891.875621975152,8027.601556603575,4570.906514113384,4471.409977448357,3634.3821006577014,3717.3555294356265,2987.299411307863,817159.856445169
-999999,USDS-SPK,ethereum,farms,,,,,,,,,,182.2250906234949,25651.738095080127,25559.71265035364,13171.135908265445,4351.436152677302,1463.1243687486553,643.1814057557207,445.268378188312,208.5922308892758,351.4855199287977,397.73319432184815,172.48471755420894,106.12918294479022,72704.24689533161
0,spUSDC,ethereum,sp,,,,,,,,,,,,,,,,,,,,4.772900470832357e-7,0.000014911404290332105,0.0011466197552990488,0.001162008449636464
0,stUSDS,ethereum,stusds,,,,,,,,,,,,,,36.675462501374646,64.43892638482573,55.30583890452397,0.004870332829624502,0.004434183849103175,0.004937199097313404,0.004801662105313361,0.004991336380264062,0.004044086352798623,156.44830659133876
0,sUSDC,arbitrum,susds_susdc,,,,,,,,,,,0.0010372805599828737,0.0033646596929585867,0.000015377694592366017,0.001401690104488871,0.00001549511896085086,0.00001606855861225034,0.0000134421458878227,0.000012179838859553773,0.000013526887505251924,0.0016670788740985269,0.002758210452330819,0.00014551560029711657,0.01046052552857489
0,sUSDC,base,susds_susdc,,,,,,,,,,,0.05031571988001554,0.03350346775567095,0.031393027298844786,0.035588846868033625,0.03316816635422311,0.061866430740192026,0.05449936169050186,0.046510061366236484,0.06617467514697369,0.10981983239118795,0.1308808580879391,0.09626072205641474,0.7499811696362338
0,sUSDC,ethereum,susds_susdc,,,,,,,,,,4629.502004343692,9198.895575852413,15869.134978256467,6073.459399367594,3854.21733175885,2227.2997456141925,44.67297535902043,35.646129989339855,31.826023116368162,34.700038433135425,29.68849686788438,23.59250068012298,14.151075824399191,42066.78627546348
0,sUSDC,optimism,susds_susdc,,,,,,,,,,,,,,,,,,,,0.00021171893181911285,0.0004038404561242833,0.0001367040215340339,0.00075226340947743
0,sUSDC,unichain,susds_susdc,,,,,,,,,,0.08533575751636205,,,4.3500542443472247e-16,2.5014665343124112e-11,2.8981093114597717e-10,3.7912361663647536e-10,2.1492075748293664e-10,2.019223429330706e-9,3.2237785473714716e-10,0.002024783994223182,0.0031284952771767054,0.000031698533665019694,0.09052073857189866
0,sUSDS,arbitrum,psm3_arbitrum,,,,,,,1416.3476316349456,3600.391979979363,5394.218334718594,8894.900642017712,7507.685629348704,12231.458077883543,17794.95469419635,28434.621536549435,28227.044257766203,37592.413759882846,41935.34985837368,45215.68931555999,55862.040135580304,52617.35244024354,53129.538696107855,43919.537617140704,443773.5446069837
0,sUSDS,base,psm3_base,,,0.00021682643606817057,0.04221284388716598,1.2189676580740634,60.322580438150744,1470.5675894828978,3357.273963283128,6376.498095090194,6321.69390573768,5891.2199403308605,3382.250276323667,3697.601391665943,2992.2751767144528,3712.195540863337,4278.714910310002,4173.720249556032,3885.892711844961,5101.577411444659,5772.285533035859,4317.5241466064945,2392.530193176034,67185.40501323275
0,sUSDS,ethereum,susds_susdc,474.50740038221517,8164.179615833277,10401.038998041568,11525.336631591696,32263.423390345357,18255.40741832472,8292.155016715973,7586.5042106982955,7915.770444780208,4693.855075672735,4442.017386317571,3968.4720882222678,3757.215886906587,3550.3125123660484,2687.476135083975,2823.0345880430946,1962.214307494293,1004.463523959853,3118.93117824739,9686.652415387505,14812.280849327823,6042.742340668096,167427.99141441056
0,sUSDS,optimism,psm3_optimism,,,,,,,,,,21978.622770622434,10282.013729185219,16893.169900408575,30184.23176666405,26781.61289784387,33371.8422609291,47852.07895414821,30405.085615462005,14954.095131696504,8609.922431456967,6002.805230226429,2815.998281291378,1447.5465810173187,251579.02555095206
0,sUSDS,unichain,psm3_unichain,,,,,,,,,,6877.089936293208,14149.743673572812,16404.4870386806,15147.348411276125,12789.774639817793,5566.643584460253,2770.2301230522703,1269.6682292989103,597.8307115308852,269.18927594797447,145.8227626544027,80.81846805103629,51.29924482029388,76119.94609945657
0,USDS-CLE,ethereum,farms,,,,,118.4355573440726,13.692982902488524,0.0005080705250888329,0.0004916811533117738,0.0005080705250888329,0.0004916811533117738,0.0005080705250888329,0.0005080705250888329,0.0004916811533117738,0.0005080705250888329,0.0004916811533117738,0.0005080705250888329,0.00042360231015337035,0.0003826085382030442,324.5719582459788,1121.4381124454737,340.38485218245245,142.53794604180135,2061.0672305208795
0,USDS-SKY,ethereum,farms,4.401314091599466,11.203737004808728,,0.000002462503109503134,3524.6171423948526,3972.354163381988,4539.834965420368,5560.125177195898,5410.969680679668,6411.146737140767,2890.874700574073,1773.4041185570652,3141.946773080427,2492.1769560649745,400.40465450305976,112.58876518670374,93.87074582121544,84.776512549346,4.305060941002724,0.21051423973706793,0.21832827918148145,0.17607119288829154,40429.606120762124
0,USDS-SPK,ethereum,farms,,,,,,,,,,0.00019453477318019495,0.0010618673974356605,0.0010618673974356605,0.0014587430536138566,0.0015699379225244923,0.0015192947637333797,0.0015699379225244923,0.0013089311383739147,0.0011822603830474066,180.5964086193762,179.82666709926752,115.57689776385295,83.06914339800159,559.0800442552502
1,stUSDS,ethereum,stusds,,,,,,,,,,,,,,5515.856264150469,2822.859095309907,5440.326377182756,1800.5532416249325,3037.9224699586425,2945.7939443625082,3010.9825794125554,3711.545437176375,2570.467100673894,30856.306509852035
1,sUSDS,arbitrum,psm3_arbitrum,,,,,,,535.9419288652738,861.2765393717424,644.4863268171067,574.4445073721081,591.7783072205028,477.75243571570115,383.51995380425217,727.0902319084746,1140.0446825728973,2043.3924753398985,1193.007798282367,1321.9055431934653,1959.3635230356256,2150.9936754525097,2524.234470652083,1940.349662570851,19069.582062174857
1,sUSDS,base,psm3_base,,,,0.0003645113459577506,469.1722703103379,4723.919137129459,1855.6145137912738,1083.4234887484456,835.866882228442,830.3959151164697,775.1563998714755,584.1816571410621,529.8437473048764,366.3313751652311,441.1515163690316,730.5356576492204,675.0870302695016,548.0754876135845,543.7894165299759,451.3867397813677,430.04044721069164,304.69114001159045,16178.663186753383
1,sUSDS,ethereum,susds_susdc,,,,,25835.258305125186,62295.2407600749,37002.497072854974,32154.28521602228,33695.01579598651,36406.37829452242,37550.64571145952,36694.487753378045,63448.20582040813,82214.12949415794,73772.50617682959,95448.4807054874,79435.66021373287,64674.782996020214,94380.41070659971,91571.17634192405,101000.03911701727,79526.69894134685,1127105.8994229478
1,sUSDS,optimism,psm3_optimism,,,,,,,,,,0.004615324176179441,2.2821634090717122,1.1891006403064697,15.585605399382118,20.763156656956568,39.2135838455032,154.27364645383463,129.08676989812358,111.4513817904673,149.2647407516884,138.60322004494728,140.8413233912452,119.87474431489554,1022.4340519205982
1,sUSDS,unichain,psm3_unichain,,,,,,,,,,0.6158905014723961,5.902570643632141,1.211502249314148,0.8835414079367934,0.8635526814852011,0.10475324264937384,0.10775513406631326,0.5523649185591671,0.5117144341828734,0.5682695572591385,0.5515972930058601,0.5717047320518563,0.46230981885408123,12.907526614469344
1,USDS-CLE,ethereum,farms,,,,,46.59510060761274,706.7903577216373,3579.5589954962184,4302.142483796068,5162.989467549458,5320.316723974892,4189.404510499298,4210.4721531340665,2881.1467749746353,6856.119280847898,6485.803069235147,5954.684275045502,5139.569418021427,4193.825801997757,6259.944050521851,5552.85434194411,8195.19685678184,5979.9065376324415,85017.32019978185
1,USDS-SKY,ethereum,farms,,,,,2539.2014803539228,32015.58823050835,120139.26551698534,124790.53944289174,112970.08649062597,102638.2171554632,89079.95684317105,45345.64020189439,47740.6665418796,48216.00590768282,28350.573275756287,29287.411609004812,26939.33549502676,5782.404728469448,2741.322685099765,1747.612625557761,1012.7506996229465,560.5377727558846,821897.1167027501
1,USDS-SPK,ethereum,farms,,,,,,,,,,975.9058319672391,72849.96362410365,72140.53933635172,15732.001000278398,13130.821950005085,26928.25479347305,21642.30432474869,14315.545141962413,17223.42714005231,11831.24961987136,11558.71954463901,12022.194630382746,8008.151218468838,298359.07815630455
2,sUSDS,arbitrum,psm3_arbitrum,,,,,,,5.584834287816195e-20,1.3426763155814007e-19,0.0008315622085926167,,5.266794807864408e-15,3.148645520680186e-14,3.0502274149517323e-15,,,1.316918434992892e-22,,1.0013989983283447e-20,,,,9.89562860964748e-24,0.0008315622086324204
2,sUSDS,base,psm3_base,,,,,,6.775883427292598e-20,6.7930530110673734e-15,1.3999664590477446e-14,0.00014793180266169526,6.615362270430045e-13,1.1346373942617906e-15,1.0424577460338363e-15,3.473282387035084e-11,5.044270667952489e-20,4.864503537380469e-18,1.3221627880980702e-15,6.609852417539209e-16,3.009733848924079e-20,6.243080047028427e-16,5.479422942743827e-16,5.326649569960683e-18,6.069789571343692e-19,0.00014793183808219153
10,sUSDC,ethereum,susds_susdc,,,,,,,,,,,,1.5025358710190683e-7,,,,,,,,,,,1.5025358710190683e-7
99,sUSDS,arbitrum,psm3_arbitrum,,,,,,7234.488812469901,46258.951405067775,41395.63150163774,41805.00476867011,39093.007690751365,42547.19007589944,38165.94376366609,31613.01519578792,22463.585364207807,20535.772808620273,12210.93586438602,42902.152954993486,88879.51688819335,91834.41656525392,89114.02844162889,93529.3240421254,75050.70548417667,824633.6716275361
99,sUSDS,base,psm3_base,,,2149.501825006988,49083.48438506656,45595.58933420588,34828.86098637845,89369.02050354792,91184.72108566963,93396.90499555747,91039.0540730944,97160.70358446226,103751.30199160051,100708.24334695138,105972.84763992931,102018.51757601999,105130.9319801093,87415.68309872584,79163.16558313803,86471.40363954601,82506.41524327121,87423.64872832817,72457.91467513528,1606827.9142757445
99,sUSDS,ethereum,susds_susdc,6031.644840299674,247657.0855249601,180397.01734392645,233975.48019757282,495102.8784238455,1092693.934268683,1393239.303225524,1154868.2321911182,882244.030771314,815527.5636697642,697448.7995118283,585556.8880273674,598909.2542181851,714365.5156952891,844908.6008224625,1200238.137701625,1057346.967199581,1103736.6752024805,1237761.6607504266,1243788.5919942565,1470359.2817710363,940052.1793435018,18196209.72269505
99,sUSDS,optimism,psm3_optimism,,,,,,,,,,24619.915165825747,40794.43810270233,34379.54624641186,19613.04381162408,24873.74722619668,16777.760665053567,4036.3321108527016,29421.93220182803,62011.39644058885,76513.30019113688,76625.28551663244,82614.20965094063,67967.6394701965,560248.5467999902
99,sUSDS,unichain,psm3_unichain,,,,,,,,,,39720.31376170009,35880.7368374142,34869.188803428304,34665.37095932824,38883.34173526414,44627.320482293784,49281.30733096641,42272.03526548559,38853.44302911626,43545.450437972366,42386.332022251474,44001.77663316876,35595.725486400246,524582.3427847899
100,sUSDS,ethereum,susds_susdc,,,,,,,,,,,,,,,,,,,,,,0.0008681016898990932,0.0008681016898990932
127,sUSDC,arbitrum,susds_susdc,,,,,,,0.8422042620490271,1.4902192379005799,191.71061946948808,321.6822060374422,546.9471404949085,1308.8881850373505,1734.9126090688096,786.4253170020941,937.5983980097058,1294.546310457068,757.2641996945367,729.2157637222787,948.8802550831265,905.735825523118,743.4304349581341,663.3168179784434,11872.886506036451
127,sUSDC,base,susds_susdc,,,,,,,0.09838765906806576,20.567931321292555,91.18630049702804,127.9226811559368,176.1864907450466,90.76444499870357,59.650675084261096,63.7973423370923,63.119820037303406,66.81559289565533,44.33254696414703,206.2441359850399,315.7494388589351,279.84961486765377,205.00971020273005,190.02355172321137,2001.318665333105
127,sUSDC,ethereum,susds_susdc,,,,,,,0.00043326237608265993,0.8400343778507112,185.82808167447558,840.4827416042907,3266.44476993625,2432.287800292277,1508.4950369256583,1326.0446270741613,938.3131979079413,710.9630773004643,591.971925803493,623.2752135060783,775.8053390413138,383.7801264585939,766.1228482185559,3814.3260521524253,18164.981305536206
127,sUSDC,optimism,susds_susdc,,,,,,,,,,204.52911354814364,125.70784844961742,6.242705491641368,9.383917436510657,8.773244811115685,118.68323499597332,4910.075319776932,6144.263777393865,5020.578057176516,3364.4620884360133,2039.414190663456,108.56482370989053,23.306632619788978,22083.984954509462
127,sUSDC,unichain,susds_susdc,,,,,,,,,,5303.5681833985645,12718.281350134608,10105.416282806102,2483.8550877457897,1503.1773176831778,745.4872770944044,158.36952095548082,43.7181747610436,8.7987262626131,5.623262106007789,4.577506949898829,1.4628722361978443,1.3352044263980434,33083.67076656027
128,spETH,ethereum,sp,,,,,,,,,,,,,,0,0,0,0,0,0,0,0,0,0
128,spPYUSD,ethereum,sp,,,,,,,,,,,,,,,,7.1520391714906655,37.63970015068172,28.821856420721087,66.14825288914628,156.43827860146808,147.093285864086,117.5917340408436,560.8851471384374
128,spUSDC,avalanche_c,sp,,,,,,,,,,,,,,0,0,38970.850045976214,18301.421135154003,12648.19059043252,16500.98817238687,6525.998724155748,3320.0680586166536,2176.167041572828,98443.68376829485
128,spUSDC,ethereum,sp,,,,,,,,,,,,,,7607.236501967835,52909.03030412793,101599.70398783982,28594.49963196506,30187.540328492996,59593.7453392421,64065.15803967869,106638.96052180261,37033.77759844567,488229.6522535627
128,spUSDT,ethereum,sp,,,,,,,,,,,,,,6671.499850103086,35412.781738718,60391.37925369182,26236.946469230123,36355.432102405764,58753.237470020336,116887.73721861333,171768.11380974218,113179.15328575726,625656.2811982819
128,sUSDC,arbitrum,susds_susdc,,,,,,,1280.202542539466,3393.1074815328666,5094.7816285193685,8477.639515718714,6854.536877674903,10790.644592377723,15971.189784778371,27577.80322874005,27086.315594139844,35827.57896155704,40809.98512542779,44149.04596446278,54221.23350242981,50245.678584799665,51283.74899821932,42592.036298243715,425655.52868116146
128,sUSDC,base,susds_susdc,,,,,,,760.06219350778,3274.5827969603456,6161.8439411404615,6074.126240473551,5609.863511713249,3270.6460892262107,3613.4013031700288,2905.278375802537,3627.05650622352,4190.110027074137,3764.190609544452,3139.6888591050833,3938.660179843091,5116.21329052956,4090.3626662902666,2157.6481785496094,61693.73476915388
128,sUSDC,ethereum,susds_susdc,,,,,,,5384.591074160917,30437.856558747397,124877.35449738917,162063.14379856025,128540.47042983095,149413.87537818323,177208.57997302306,346934.2467054582,597513.839623068,603740.7566903929,252256.5385869481,85313.6843722343,66158.46107623464,32607.499851063396,26450.53238048687,21690.923717330777,2810592.3547131117
128,sUSDC,optimism,susds_susdc,,,,,,,,,,21774.09365288129,10156.30588073571,16886.92716570915,30174.84780892159,26772.80621772226,33253.06526656917,42925.907127219005,24259.682598424708,9932.38930466478,5244.774839608022,3963.0377022232697,2707.2304929615493,1424.0453031601585,229475.1133608006
128,sUSDC,unichain,susds_susdc,,,,,,,,,,1573.4364171230577,1431.4619139318743,6299.070675561158,12663.492827046533,11286.596860513951,4821.155858965774,2611.859939638652,1225.9495054500082,589.0313924125679,263.5653101804,141.24251465997975,79.35172495467779,49.88124648762955,43036.096186926254
128,sUSDS,arbitrum,psm3_arbitrum,,,,,,,2772.4202636105697,3685.606488393507,3539.290305648988,1346.3646720836077,1115.7322929161692,1085.4016704948892,688.231283308405,739.6225083642163,962.3234551695062,928.4687905841381,568.877521682268,536.1771700329365,1333.4379297884934,2686.93739117682,2729.122668054614,1933.4304593395066,26651.444870648633
128,sUSDS,base,psm3_base,,,55.8942883229365,1004.6069104416247,4588.381759100741,13692.307203797462,12214.74885087682,8802.129235924811,7721.852754638398,6912.17364040256,5312.915639337096,1846.0327655776139,1500.8680996127812,1083.714980242959,1081.0467955017539,1082.035401498801,780.3112161041263,711.0427597456438,1520.5706796051757,2168.7537272669097,2041.0034398192113,1029.2961139446415,75149.68626176206
128,sUSDS,ethereum,susds_susdc,,176.86743261267304,11632.173071984384,13066.47033873255,60449.92640342415,135552.95365159487,197817.34882071236,100948.91030864744,213689.15057012695,177658.2667485577,105113.0961914338,111990.30212412299,128325.94413662466,174974.61234911167,194671.16530477052,218929.3830606121,357591.982115376,485628.2923112281,767449.5173868912,789006.7472549194,738577.4604376754,832167.6074782801,5815418.177497437
128,sUSDS,optimism,psm3_optimism,,,,,,,,,,1.1409756363333834,0.9713824220881259,1.3570339576797772,1.423898870724136,1.2050165971087137,8.628375329852512,12.112674279415138,566.3085890851016,751.7020346291658,1163.6817440582681,1139.2083204761987,1393.4833243736523,788.414864697567,5829.638234413155
128,sUSDS,unichain,psm3_unichain,,,,,,,,,,2.3089207957892257,1043.322296088149,0.3749370605150853,0.35546786495541455,0.3136505615956953,0.2698938342190688,0.2735701819479774,1.7547050955747874,3.152499312462071,3.3122819650094955,3.1039880810387848,3.206312077104972,2.506285469942675,1064.2548083883044
128,USDS-CLE,ethereum,farms,,,6.722661370795936,628.8560548208873,1401.7409901227338,1215.0861787721126,1841.8882016263642,3236.737656454107,4295.821187207608,5271.620563464081,4869.442311573244,4128.2147658197455,5867.684963656161,7081.253195360273,5762.127213468534,8552.412126939216,6597.992371524791,4966.638171624745,3409.0875138385495,2642.9321515761326,2314.200304585357,1718.4763552910945,75808.93493909652
128,USDS-SKY,ethereum,farms,,,369.46396759542154,40671.55539960491,36788.27818245504,51210.9171091269,66570.78717984898,109613.55538433875,61050.37391833408,66019.36284585253,56042.52493422946,44829.794374316545,43343.62328143249,24647.023245331457,25541.549726128836,38222.924405792386,24672.195922511175,3387.1205025728855,2561.8841931601246,1853.8637651654742,221.3950610083518,126.76537420969052,697744.9587730154
128,USDS-SPK,ethereum,farms,,,,,,,,,,399.9568656996654,271238.73652511666,609129.4596097498,548848.4853684689,421245.2309106294,330450.44027419447,286198.6848417126,235384.72552140642,206409.470236647,236624.40877949487,299366.49013705325,400011.94627833035,201672.09552102044,4046980.1308695236
129,sUSDC,base,susds_susdc,,,,,,,,,,,,,,,,0.64152031102715,2.5779557833585,0.5933547342385489,0.3929064571935468,0.21329006931169106,0.5917428320463921,28.629862720855723,33.64063290803155
129,sUSDS,base,psm3_base,,,,,,,,,,,,,,,,0.00044445962272418956,0.00043927062451319096,0.28506394519559425,0.5123431150708775,0.6810838407467347,0.8945496485806241,0.6664703876884369,3.040394667529505
129,sUSDS,optimism,psm3_optimism,,,,,,,,,,,,,,,,,,,,0.00014754474634901812,0.0009013563703056048,,0.001048901116654623
130,spUSDC,avalanche_c,sp,,,,,,,,,,,,,,0,0,1207.0446038310408,932.856134856176,791.6454659002068,777.757726736294,21.662134624112735,1.764890104027533,9.198687378681296,3741.9296434305393
130,spUSDC,ethereum,sp,,,,,,,,,,,,,,0.00021202415400666352,0.3292901557550843,337.8406428273792,1601.0254115365994,9.527775312520259,3536.735780258597,4652.668383039989,3909.909696515729,2911.020651081195,16959.057842751918
131,spUSDT,ethereum,sp,,,,,,,,,,,,,,0.0009179100626074358,12.839958648873223,319.28085341087734,284.56504668520626,263.8309603234991,6315.989212986159,4736.493484507669,4041.5689191030606,2889.1363174731023,18863.70567104851
132,spPYUSD,ethereum,sp,,,,,,,,,,,,,,,,0.00026920862743169357,0.0017896274734932839,0.00015628070971130512,0.011998198875825343,0.008102471802866553,0.00044862620908329434,0.2687363367320215,0.291500750430433
170,sUSDS,base,psm3_base,,,,,,,,,8.277904076178812e-7,0.000010444326487673077,0.000016045849456233123,0.00001610728044166441,0.000015648235881947994,0.000016232629593351083,0.00001576772610911094,0.000016351254308121924,0.000013678634852662328,0.000012394119935495575,0.000013764867343096588,0.000013361925092727377,0.00001384900887240853,0.000011199020079868633,0.00018567266886197943
171,sUSDS,arbitrum,psm3_arbitrum,,,,,,,,,0.00014751680573564288,0.00026365961313010096,0.0003085583791575022,0.00032811892869641753,0.0003187678020646852,0.00033067239631099846,0.00032120191906606383,0.0003330888827585305,0.0002786453635137218,0.00025247870800401175,0.0002804019921792906,0.00027219371764748706,0.00028211602628768157,0.00022813351315248718,0.003945554047704621
171,sUSDS,base,psm3_base,,,,,,0.000010127386167871387,0.00011751553643597268,0.00015647984748736458,0.00016244369632608874,0.0001580433493839778,0.00016391324159080963,0.00016454077681488428,0.0001598514935365734,0.0007463886799675522,0.0021029621555041776,0.0021978741763640616,0.00183863070948487,0.0016659710399348929,0.0018502217592318542,0.0017960597755127521,0.0018615317471116697,0.0015053302090862336,0.016657885579941606
182,sUSDC,arbitrum,susds_susdc,,,,,,,,,0.02853688610463962,0.046030676852693776,0.007164039821157589,0.002458699643627619,0.000009091185958202763,0.000009430702306305596,0.000009160606427149404,0.000009499619955826687,0.000007946903042550558,0.000007200635917695829,0.000007997001696664188,0.000007762903554752462,0.000008045885563595416,0.000006506330045513779,0.08427294419658685
182,sUSDC,base,susds_susdc,,,,,,,,,16.892406488585983,45.656418290878236,2.088858022493373,0.14303332378054712,0.04011806483076197,0.04026430808431457,0.02913957902933847,0.028904866460830667,0.024180353771016017,0.02190965750228756,0.024332790912054862,0.023620491308265275,0.024481531772458383,0.01979706577633296,65.0574648351858
183,sUSDS,ethereum,susds_susdc,,,,,,,,,0.005578306001781178,0.4447425575364485,7044.161386257443,18451.035859844287,17635.191003088406,17336.562730645426,20843.092529849913,24105.19436992559,21333.384118292208,13278.929767896732,11113.764428103528,9912.967924836807,11847.596192241095,7413.994580450186,180316.32521229514
184,stUSDS,ethereum,stusds,,,,,,,,,,,,,,,,,,,,,,1.1562736284223147e-9,1.1562736284223147e-9
184,sUSDS,base,psm3_base,,,,,,,,,,,,,,,,,,,,,,0.00012550764893468983,0.00012550764893468983
184,sUSDS,ethereum,susds_susdc,,,,,,,,,,,,,,,,,,,,,,0.000013780007968400837,0.000013780007968400837
186,spETH,ethereum,sp,,,,,,,,,,,,,,,0,,0,0,0,0,0,0,0
186,spUSDC,ethereum,sp,,,,,,,,,,,,,,,0.4395303322862366,51.43989551740268,16.662048248800236,37.41974152657076,70.26378952665561,325.981422021797,700.1053095804523,1151.999162341995,2354.31089909596
186,spUSDT,ethereum,sp,,,,,,,,,,,,,,,11.634438972936985,315.9292206395478,120.67323043612679,191.96672044661977,197.63486241321883,517.1053600318809,347.90487725503147,249.26089089060648,1952.109601085969
186,sUSDC,ethereum,susds_susdc,,,,,,,,,,,,0.0007260285232978352,29.86390928021335,24.846869520973403,401.06676280312445,651.2609611084864,840.8570368959579,1037.5779899606605,2311.0778900959813,1372.0100777453858,491.5653068215305,375.7499688472579,7535.877499108095
186,sUSDS,ethereum,susds_susdc,,,,,,,,,,,0.000032683615018306355,0.017799976663263835,0.04259877699520688,0.0194166628966083,37.37366675133503,0.39100600724799917,0.041713872911581386,0.015538117677900917,0.00013062228716463693,0.0001267985497343627,0.00013142075173251018,0.00010627379408303936,37.902267964725326
188,spUSDT,ethereum,sp,,,,,,,,,,,,,,,,,,,5889.436200565305,12300.613915914826,7694.248891429038,9261.563034699497,35145.86204260866
188,sUSDC,ethereum,susds_susdc,,,,,,,,,,,,6283.601900173793,16471.764346202,16943.10720067908,7109.786456149433,3055.548067150755,1186.515113650101,270.21371570191064,3530.2957858016803,6054.8443295753395,944.0868165652961,513.2289338561864,62362.992665505575
188,sUSDS,ethereum,susds_susdc,,,,,,,,,,,,,,,,,,,0.0001783336919518905,0.0002315347902705754,3610.205695028978,32961.77500127301,36571.98110617047
190,spETH,ethereum,sp,,,,,,,,,,,,,,,,0,0,0,,0,,,0
190,spUSDC,avalanche_c,sp,,,,,,,,,,,,,,,,21168.148342802866,9892.842223719654,4849.476397729085,3423.0163305357364,2040.4489983315143,1553.3654448229352,380.0716642891399,43307.36940223093
190,spUSDC,ethereum,sp,,,,,,,,,,,,,,,,57.72048935295597,389.7124722066082,386.89840760238064,620.2687614223433,720.384218185125,1096.3815627067786,888.1929681723558,4159.558879648548
190,spUSDT,ethereum,sp,,,,,,,,,,,,,,,,160.95620016821601,119.04837295120082,62.35919818066032,152.37783182950014,135.17377143079605,85.21628261117515,33.31194635052392,748.4436035220724
190,sUSDC,arbitrum,susds_susdc,,,,,,,,,,,,,0.003483423429254799,0.004086805925602462,0.003969759559004899,0.0041166714700013205,0.003443799771175965,0.003120404035749196,0.003465510081802501,0.0033640633769375108,0.003486693962976157,0.0028195257702230987,0.035356657382727905
190,sUSDC,base,susds_susdc,,,,,,,,,,,,,,0.00014085553974587197,0.00005542158793712658,2.3948053124683737e-20,,,,,,,0.00019627712768299858
190,sUSDC,ethereum,susds_susdc,,,,,,,,,,,,0.00015672603080986376,0.005072990300895043,0.005622757380646237,0.0046872251107515405,51.46294883014547,85.01652744725575,44.862165751797036,42.77878205025429,25.01341857950006,0.006044637811918053,0.004888014911357582,249.160315010499
190,sUSDC,optimism,susds_susdc,,,,,,,,,,,,,,,,15.999244056260979,,,,,,,15.999244056260979
190,sUSDS,ethereum,susds_susdc,,,,,,,,,,,,,,,,,0.15824796865803675,,,7.619523117508174,6.7980797827375135,4.860938632120877,19.436789501024602
191,spUSDC,avalanche_c,sp,,,,,,,,,,,,,,,,2910.805818727834,2164.429525847791,26.126532534716144,29.000795384854925,28.198307669192516,29.59118768663935,23.241273843724784,5211.393441694753
191,spUSDT,ethereum,sp,,,,,,,,,,,,,,,,2146.166128028695,1238.848751380976,5514.6748906878875,8197.761337770486,11307.88327657582,22118.939640561155,18944.082912768055,69468.35693777307
191,sUSDC,ethereum,susds_susdc,,,,,,,,,,,,,,,,,,,479.8528629040973,2295.743077639676,3357.408810880088,2714.978935338018,8847.98368676188
192,sUSDC,ethereum,susds_susdc,,,,,,,,,,,,,,,0.0002433962944695407,51102.2768753067,56666.756972408635,41751.195888366565,48284.109450301694,37688.16905791435,26401.20299964371,15641.298420370029,277535.0099077079
194,sUSDC,arbitrum,susds_susdc,,,,,,,,,,,,,,15.768267896283733,36.25934030392263,18.675929971815947,4.554196126752076,3.896902538253799,4.301644121339717,3.968526169656138,4.062230649721106,3.201903900778328,94.68894167852348
194,sUSDC,base,susds_susdc,,,,,,,,,,,,,,0.768709997558508,0.9896253759119019,0.1432089742328969,,,,,,,1.901544347703307
194,sUSDC,ethereum,susds_susdc,,,,,,,,,,,,,,3.320503428567541,0.4280277829784689,0.3971058978792347,0.3238596521929459,0.28413774223742294,0.3155624076444228,0.3063248738675367,0.3174913694389691,0.2567403699499041,5.949753524756446
194,sUSDC,optimism,susds_susdc,,,,,,,,,,,,,,0.03339430250630238,0.0937174007772236,0.0971856718997323,0.08130063258357927,0.07366596169327658,0.08181316586216786,0.02276026693474081,,,0.48383740225702276
195,sUSDC,arbitrum,susds_susdc,,,,,,,,,,,,,,,,,,,,0.703841805326558,1.8777629729865382,,2.581604778313096
195,sUSDC,ethereum,susds_susdc,,,,,,,,,,,,,956.1961056846186,3175.459194952097,8105.614837528926,7915.428521960421,3879.9434461549044,1671.2194229595605,7613.537032149752,4967.619829958706,3081.0365399851835,835.1287961968147,42201.18372753097
196,sUSDC,arbitrum,susds_susdc,,,,,,,,,,,,,0.005651730761684868,0.020602276129016394,0.01594048395457755,0.022642150472406353,0.03179218474369862,0.22339044362254656,0.25410098302162665,0.2461022382650638,0.2545845933202369,0.2052435027537706,1.2800505870446284
197,stUSDS,ethereum,stusds,,,,,,,,,,,,,,16159.545842414655,17563.940935724222,17503.7386622655,6824.98765559193,6314.149706951173,5576.068892074834,8508.93072191686,10729.876247816594,7658.688828672214,96839.92749342797
198,spUSDC,avalanche_c,sp,,,,,,,,,,,,,,0,0,0.0000341589804863468,0.000016157823075441507,0.000014220274200841089,0.00001578469174457576,0.000015347909889028614,0.000016106033292914962,0.00001264987178820793,0.00012442558447735665
198,spUSDC,ethereum,sp,,,,,,,,,,,,,,0.002680747991990604,1.1664625125273964,0.4259716452368086,0.0163066752162525,0.01483150645615777,0.016872887621313996,0.01642989193295909,0.01711861258641901,0.009084221359544694,1.6857587009288426
198,spUSDT,ethereum,sp,,,,,,,,,,,,,,0.05412686862706335,0.5165882380453045,0.016959694657248902,0.002369049343655957,0.002103243275591434,0.0022106769193196794,0.0021449891301880014,0.0022215974478269128,0.0011292448749274998,0.5998536023211263
200,spUSDC,ethereum,sp,,,,,,,,,,,,,,,,,2.6460090789674466e-8,0.5933760123583132,5.25900704177605,32.090505114427074,91.57472388984816,78.15034949923852,207.66796158410818
200,spUSDT,ethereum,sp,,,,,,,,,,,,,,,,,2.104809893031371,,0.48061636541932257,0.5034409367035659,0.01724320559023489,0.003816475478788223,3.1099268762232826
200,sUSDC,arbitrum,susds_susdc,,,,,,,,,,,,,,,,,,0.1328411920627407,0.1388998902223283,,,3.1316244261512983e-9,0.2717410854166934
200,sUSDC,base,susds_susdc,,,,,,,,,,,,,,,,,0.00002870425348069329,0.00012309224961383198,0.0002044356928445336,0.0000872390968796935,0.00009296878035880142,0.00007331865511962488,0.0006097587282971787
200,sUSDC,optimism,susds_susdc,,,,,,,,,,,,,,,,,,,,,,0.00003093353140348521,0.00003093353140348521
200,sUSDC,unichain,susds_susdc,,,,,,,,,,,,,,,,,,,,5.377412562568621e-9,,,5.377412562568621e-9
200,sUSDS,arbitrum,psm3_arbitrum,,,,,,,,,,,,,,,,,,,,0.0013388146027079346,,,0.0013388146027079346
200,sUSDS,base,psm3_base,,,,,,,,,,,,,,,,,,,,1.0027319179082705e-8,,,1.0027319179082705e-8
200,sUSDS,ethereum,susds_susdc,,,,,,,,,,,,,,,,,,,,,0.0037413186835405263,1170.9425642482388,1170.9463055669223
200,sUSDS,optimism,psm3_optimism,,,,,,,,,,,,,,,,,,,,5.693730948602071e-9,,,5.693730948602071e-9
200,sUSDS,unichain,psm3_unichain,,,,,,,,,,,,,,,,,,,,2.846859252936129e-9,,,2.846859252936129e-9
202,spETH,ethereum,sp,,,,,,,,,,,,,,,,,,,0,0,0,0,0
202,spUSDC,avalanche_c,sp,,,,,,,,,,,,,,,,,,3.593224053579985,1.04880294004544,,,,4.642026993625425
202,spUSDC,ethereum,sp,,,,,,,,,,,,,,,,0.8863052750922082,0.49020432247626666,0.47359641629696947,0.17836311461348536,0.1737910058927882,1.7296583136842572,6.085017318148166,10.016935766204142
202,spUSDT,ethereum,sp,,,,,,,,,,,,,,,,49.84498894658261,29.89583632690229,30.032275961386986,42.34435514159791,40.040278970950425,31.89591873227368,19.253269133376683,243.30692321307058
204,spETH,ethereum,sp,,,,,,,,,,,,,,,,,,,,0,0,0,0
204,spUSDC,ethereum,sp,,,,,,,,,,,,,,,,,,,3.080614387616751,4.560663661147946,,,7.641278048764697
204,sUSDC,arbitrum,susds_susdc,,,,,,,,,,,,,,,,,,3.6194580026086394,33.82187346394348,72.96634148579851,75.62726019127854,61.093143976101075,247.12807711973022
204,sUSDC,base,susds_susdc,,,,,,,,,,,,,,,,,,0.17555821863996687,0.39311315999666,0.39966622086420084,0.2500510115686728,0.14111564992526895,1.3595042609947694
204,sUSDC,ethereum,susds_susdc,,,,,,,,,,,,,,,,,,0.00003294989792533231,0.0004956596197080108,0.0004399826253832939,0.00042148754356948447,0.00034083719521738813,0.0017309168818035096
204,sUSDC,optimism,susds_susdc,,,,,,,,,,,,,,,,,,0.21642832627918626,0.30005083905429447,0.21182095159798653,0.08744511249184463,0.053210160028103234,0.868955389451415
204,sUSDS,arbitrum,psm3_arbitrum,,,,,,,,,,,,,,,,,,0.00038810840658030276,,,,,0.00038810840658030276
204,sUSDS,base,psm3_base,,,,,,,,,,,,,,,,,,0.000014391367235689005,0.00011968856349788125,0.014431081287812737,0.01845912962863092,0.005449002523315185,0.03847329337049241
204,sUSDS,ethereum,susds_susdc,,,,,,,,,,,,,,,,,,,,0.0005027874238897125,0.0005307831445317856,0.00042921941825086276,0.0014627899866723607
205,spETH,ethereum,sp,,,,,,,,,,,,,,,,,0,0,0,0,0,,0
205,spUSDC,ethereum,sp,,,,,,,,,,,,,,,,,0.0005315126059556268,0.008897154493447999,0.19759145598919042,0.20575776647335367,0.21277114263105493,0.16933685046131103,0.7948858826543137
205,sUSDC,base,susds_susdc,,,,,,,,,,,,,,,,,0.0005949248945278512,0.024303034686563186,,,,,0.024897959581091037
205,sUSDS,base,psm3_base,,,,,,,,,,,,,,,,,,0.00000992926170209157,0.0000305251760292138,,,,0.00004045443773130537
206,sUSDC,base,susds_susdc,,,,,,,,,,,,,,,,,,,,,0.0005301148553597791,0.000685388280133945,0.001215503135493724
214,spETH,ethereum,sp,,,,,,,,,,,,,,,,,,,,,0,0,0
214,spUSDC,ethereum,sp,,,,,,,,,,,,,,,,,,,,,0.000006709176351375614,0.06119951433452821,0.061206223510879586
214,spUSDT,ethereum,sp,,,,,,,,,,,,,,,,,,,,,0.000006222502325439388,0.000011544066981152981,0.00001776656930659237
216,sUSDC,ethereum,susds_susdc,,,,,,,,,,,,,,,,,,,216.60757545032502,377.4494563617,471.8900768800071,282.0266623829375,1347.9737710749696
219,sUSDS,ethereum,susds_susdc,,,,,,,,,,,,,,,,,,,,14.263484409268683,,,14.263484409268683
223,spUSDC,ethereum,sp,,,,,,,,,,,,,,,,,,,,,0.001117965377325555,0.0015976323839442018,0.0027155977612697566
223,spUSDT,ethereum,sp,,,,,,,,,,,,,,,,,,,,,0.00013885252024982623,0.00013669826746668594,0.0002755507877165122
224,sUSDS,ethereum,susds_susdc,,,,,,,,,,,,,,,,,,,,,4185.174239133086,8897.424403913776,13082.598643046862
224,USDS-SPK,ethereum,farms,,,,,,,,,,,,,,,,,,,,,396.9972962550637,1581.622993356826,1978.6202896118898
303,sUSDS,ethereum,susds_susdc,,0.0010247124488725707,0.001977572486015059,0.0020591907759459453,0.00207976082372259,0.0018952912675808343,0.0021103919572587064,0.002050754083659071,0.002126922015141677,0.0020658966384577275,0.0021426261289785855,0.002150829099776299,0.0020895321933304214,0.002167567154091811,0.0021054879009143393,0.0021834072928839402,0.0018265284442567466,0.0016550052580214972,0.0018380431961377698,0.0017842377183736695,0.001849278739460379,0.0014954249261910008,0.040678460549070636
303,USDS-SKY,ethereum,farms,,,1.6662014137186443,41.46918041082517,,,,,,,,,,,,,,,,,,,43.13538182454381
555,sUSDC,arbitrum,susds_susdc,,,,,,,,,,,,,,,,,0.004045140061459297,0.003844240280114199,0.004269400146576983,0.004144420975719959,0.004295498026327151,0.0034735676574361523,0.02407226714763374
999,spUSDT,ethereum,sp,,,,,,,,,,,,,,,,,,,,,,0.00008650667774019147,0.00008650667774019147
1001,sUSDS,ethereum,susds_susdc,89.14237483935455,2900.5773983924987,7092.596771291363,9406.192104460113,11674.429566501201,10499.250189251825,8184.011358195994,3487.460500750842,3756.228385267161,2088.221455305303,1914.7461575548396,1739.4577213451128,1524.5389970571907,1431.5429953242854,1298.4563456772132,1177.0697306185564,880.7104261224565,751.282765500679,799.4060955999962,767.1871435232855,791.6348667873194,593.7047884670917,72847.84813783372
1001,USDS-CLE,ethereum,farms,6.653958418347043,163.56719880239174,214.35688843687927,278.31242593357234,309.46883586085136,181.8525175342593,353.8213431549371,357.746424150699,356.0086615278406,322.6519235871934,333.03174127949165,369.00464447024416,394.573531868778,460.54510384416005,237.06429642658537,110.78913022515485,83.08763931095572,40.056110683604395,44.25181399339283,42.28051345880464,43.59855580557125,34.48465126843604,4737.207910042149
1001,USDS-SKY,ethereum,farms,506.1993371617093,20601.776242138178,14895.287631998946,6050.85142643813,2919.5999193482617,1620.3035533392324,1393.1594143820616,2021.8576876013112,2346.0094111927565,1917.9245730523478,1811.172946575179,2788.381408995484,2475.0323599820067,1353.198390107566,3485.196918295788,3955.47083572263,1291.0061823694975,810.0991426370301,811.8272807307619,624.4763085352921,77.33646471796169,53.976465411380815,73810.14390073351
1002,sUSDS,ethereum,susds_susdc,,807.5958288356111,1255.4545788614719,1165.8233504266816,2491.3924521446306,3797.176526940373,5030.037095215239,5714.5556865795015,2990.1935044970483,2725.2893302708003,2873.7567667098388,4481.316143783303,4504.391127187306,4570.010424431708,3047.4371568983283,2396.508270094819,1967.598877026665,2968.7846636502163,29193.370606192293,28953.370505847743,33173.24343790115,32441.62897132937,176548.93530482406
1002,USDS-CLE,ethereum,farms,,0.1400792750918087,4.4270022060427765,3.4252046956058444,0.6878976672831422,0.1693945437369074,,,,,,0.20138324908396865,0.7376665365948628,0.7751464435710199,0.9831521170084103,0.7622554211480249,0.6355282217341331,0.5740254905985719,0.8823900578933894,0.6150273113556127,0.6355282217341331,33.000910260878285,48.65259171936089
1002,USDS-SKY,ethereum,farms,,0.013796313200324036,14.23506439370786,457.15022262647204,5.263312136682425,312.24113229912103,309.61740811665913,7.28296399681033,3.562615943160674,2.319193138737993,9.861717683093907,35.42237260029618,1.4756537060531647,1.5286037156247416,1.4789769091618155,1.5282761394672093,1.274195748941338,1.150886482914757,1.274860056953132,1.233092660265811,1.274195748941338,1.0275772168881758,1170.2161176331535
1004,sUSDC,arbitrum,susds_susdc,,,,,,,,3.1604898784534656,8.255221971280568,2.4546187542153226,1.0332833146927207,0.21202288524680174,0.20598040285584376,0.011648229695627699,0.005237547205075233,0.005431376856129083,0.004543616003999895,0.00411694019914942,0.004572259746775002,0.004438414894459379,0.004600208938924053,0.0037199730717506975,15.369925773356611
1004,sUSDC,base,susds_susdc,,,,,,,,10.771828213155827,37.96827176234978,0.5548754194281984,0.11672033761049433,0.018390067708151804,0.01510192599367305,0.014315021208817759,0.010182854784216289,0.010559699435261924,0.008833712081190274,0.008004167681148297,0.008889401333182567,0.008629179763431782,0.008943740237731108,0.007232382982342226,49.530777885753466
1004,sUSDS,arbitrum,psm3_arbitrum,,,,,,,,5.250647335553249e-20,5.780872436429409e-19,7.5755590075355e-18,1.8879347119792044e-16,1.1491631851551856e-16,1.3684080548596291e-17,,5.581983616915372e-21,,,,1.3213934784267221e-17,2.702851501048264e-22,9.258151313740664e-20,2.0407251824401086e-19,3.3911646407098486e-16
1004,sUSDS,base,psm3_base,,,,,,,6.553216603969433e-18,,1.917318619869294e-17,2.8645885062870635e-14,3.3326278456995664e-14,2.358773416197545e-14,9.522358318452672e-14,1.0159164066557004e-13,1.0096200639959889e-13,3.537141011734185e-14,2.881458016647739e-14,2.4076642992522146e-14,2.442012179611604e-13,2.6148951402050544e-13,1.8891817105962067e-13,5.631539886020203e-16,1.16679754464057e-12
1004,sUSDS,ethereum,susds_susdc,,,,3.820875451406212e-16,,,8.731818303236441e-20,1.363398755349767e-21,,,2.9475885681094314e-14,7.505178223150505e-15,2.0019168612180495e-16,2.0798736756774423e-15,4.820399953349602e-13,5.108384153309676e-13,6.064375852708836e-14,8.708279129347308e-19,3.508157817837717e-14,1.4724234790901222e-15,4.53122916439494e-16,1.298260112227949e-16,1.130303296098825e-12
1007,sUSDS,ethereum,susds_susdc,,,,,,,,,,438.91654901332527,641.5532221354058,188.15716567980644,750.8835034204919,2441.8810718844843,862.2541941247566,1879.5388618163224,1592.649064075955,8119.972825344363,11131.847598719756,8884.395859643158,9316.851042811797,,46248.90095866962
1007,USDS-SKY,ethereum,farms,,899.04910480087,2845.034683217761,2651.2709262171447,3270.1993101177177,2063.6739510533725,3835.8301775281043,7167.6872837096225,7788.974460549155,17009.947677240034,11459.498213082446,5825.295281274688,3092.011012027047,1258.2885492999574,1106.3916103555503,3550.059439215305,4114.426764723389,2601.3270434133606,98.97080055441654,2.736057282538436,0.4952005891537389,0.3741864527296398,80641.54173270438
1007,USDS-SPK,ethereum,farms,,,,,,,,,,,9730.507068834768,15421.475084265061,9186.824087058623,8494.290257053635,2745.3977955847,2841.0698412168513,4375.433402403486,3023.763038076548,4628.610029240478,5225.033275171422,1445.0422017194321,,67117.446080625
1015,sUSDS,base,psm3_base,,,,,5.825601646483142,174.74629773115572,145.04847102687776,7.563950957248518,0.00007488527513169636,123.64972214639387,0.00007543819003736958,0.00007572700256585487,0.0000735688436530018,0.00007631632074191544,0.00007413061674286424,0.00007687402485289282,0.00006430893286650415,0.000058269895750309614,0.00006471434752512585,0.00006281994896360236,0.00006510993172942571,0.00005265123595426545,456.8349383227254
1015,sUSDS,ethereum,susds_susdc,,,,,7.058758855491912,43.30769383460288,39.54908514910597,0.000014912489860248836,0.000015466361002069916,0.00001502260213392053,0.00001558055677045733,0.000015640206398767017,0.000015194473044815674,0.000015761920682917068,0.00001531049833007743,0.000015877105585390156,0.000013281985939452615,0.00001203471899705702,0.00001336571788080887,0.00001297446002694111,0.000013447419498378655,0.00001087429703360475,89.91575258401394
1016,USDS-SKY,ethereum,farms,,,,,,,,,0.0034430531426077565,0.00006020561513788106,76.64164323675116,143.36146408206565,,,,179.02163663419003,1201.0547443054502,167.53838068751205,8.978125634163069,0.14773560337865937,,,1776.7472334422685
1016,USDS-SPK,ethereum,farms,,,,,,,,,,,,,,,,,,0.000024139638099304566,,0.44222242783652244,,,0.44224656747462177
1017,spETH,ethereum,sp,,,,,,,,,,,,,,,,,0,0,0,0,0,0,0
1017,spUSDC,ethereum,sp,,,,,,,,,,,,,,,,,0.023807040909144952,0.07955104111886382,0.07221716004521903,0.04641970165585092,0.04836555786648726,0.03849239675380612,0.30885289834937213
1017,spUSDT,ethereum,sp,,,,,,,,,,,,,,,,,0.04265870609635552,,,,,,0.04265870609635552
1017,sUSDC,arbitrum,susds_susdc,,,,,,,,0.02154088378346764,0.004961667894991317,0.00019987589913344052,0.0004758834663261781,,,10.191870712698675,136.81492588095134,420.57221214599997,337.55747879307967,314.6312992817634,332.1703807671546,190.3615959204336,0.23190068929435556,0.18752720386157007,1742.7463697062813
1017,sUSDC,base,susds_susdc,,,,,,,1.946788937185185,28.558361303975456,59.917039927591375,68.1263199626564,96.26632739040228,12.903598803393754,12.535855715643851,13.004015532469426,12.631579748396941,13.09904622644376,14.735140509026367,6.548300264934975,5.829999062197633,2.885907067891657,2.172228550795457,1.7167717658733848,352.877280768878
1017,sUSDC,ethereum,susds_susdc,,,,,,,0.000857356477683715,4.9804078375537015,11.553319743859877,11.221833359168805,11.639314307079939,11.686676354772711,11.353615440143903,17.692461356907213,33.63291182582887,64.091561898073,181.5579595222001,28.069758611956157,31.174178199055266,21.1359189912197,6.124472023857216,4.936273568964639,450.8515203971188
1017,sUSDC,optimism,susds_susdc,,,,,,,,,,,,,,,0.000002687017671965101,1.8980116556633375e-21,1.0578437030197343,0.8367562146996579,0.30246289994876574,0.11797966630629048,0.11276345055933817,0.08821774223221088,2.5160263637836695
1017,sUSDC,unichain,susds_susdc,,,,,,,,,,,0.0002650664828359291,,0.000496483865224019,0.00046162077629358035,0.00044839992959943615,0.00046499420680161195,0.0003889907063633201,0.00035246188822137914,0.00039144297119493636,0.00037998416754614345,0.0003938357737528049,0.00031847650672040966,0.00436175727455357
1017,sUSDS,arbitrum,psm3_arbitrum,,,,,,,,,,0.008328059871165019,,0.0000019668408274038123,,,,,,,,,,,0.008330026711992422
1017,sUSDS,base,psm3_base,,,,,,,,0.010465716280157869,1.382042568213523,2.245264956893948,2.328877669520749,2.427042217613509,3.336555385872373,3.4660850443814746,3.3694259356430227,3.493990709410587,1.0629703330527007,0.012314499303932424,0.013676440935598723,0.013276087211486777,0.013760041933091008,0.01112707685780509,23.186874683123953
1017,sUSDS,ethereum,susds_susdc,,,,,,,,,,,,,,0.017882739811849915,,0.007965681350697742,0.04062070435876433,0.001060091368116692,,,,,0.06752921688942867
2000,sUSDS,ethereum,susds_susdc,,,,,,,,,,,,,,,,,,,,0.0000022340667242077928,0.000004249583357048581,0.000003436438619259339,0.000009920088700515713
2001,sUSDS,ethereum,susds_susdc,,,,,,,,,,,,,,,,,,0.00010802955292476468,0.0016246835496007124,82.24301693728248,8467.99352994732,18227.214071272792,26777.452350870495
2002,stUSDS,ethereum,stusds,,,,,,,,,,,,,,,,,,,,,1.3613582247595745e-8,0.000020125603036876956,0.000020139216619124552
2002,sUSDS,ethereum,susds_susdc,,,,,,,,,,,,,,,,,,,174574.27559348376,116737.37465030172,3.4614106221858225e-9,2.799080319124538e-9,291311.6502437917
2003,sUSDS,ethereum,susds_susdc,,,,,,,,,,,,,,,,,,,,6.654607696408873e-15,1.3723607554654149e-8,5.202482746571154e-8,6.574844167497338e-8
2005,sUSDS,ethereum,susds_susdc,,,,,,,,,,,,,,,,,,,17144.96836066166,8259.876311996093,,,25404.844672657753
2008,sUSDS,ethereum,susds_susdc,,,,,,,,,,,,,,,,,,,,,12035.781376578727,28187.2917597373,40223.07313631603
2222,sUSDS,ethereum,susds_susdc,,,,,,,,,,,,,,,,,,,,10.677765476597338,14.746531904549192,1.6091366652954906e-9,25.424297382755668
3000,sUSDS,arbitrum,psm3_arbitrum,,,,,,,,,,,,,,,,,,,,0.00010417480088373602,0.0009374372942223312,0.0010544977135700984,0.0020961098086761656
3000,sUSDS,base,psm3_base,,,,,,,,,,,,,,,,,,,,,,0.0031934425092079322,0.0031934425092079322
3000,sUSDS,ethereum,susds_susdc,,,,,,,,,,,,,,,,,,,,0.000002069268572526597,0.0006642433551139389,1.5571744405028918,1.5578407531265783
3000,sUSDS,optimism,psm3_optimism,,,,,,,,,,,,,,,,,,,,0.00003636000504719555,0.00042437900061825904,0.00003195264576417316,0.0004926916514296278
3001,sUSDS,base,psm3_base,,,,,,,,,,,,,,,,,,,,,2.6596740899378468e-8,1.7431322989332342e-7,2.0090997079270189e-7
3001,sUSDS,optimism,psm3_optimism,,,,,,,,,,,,,,,,,,,,,,0.0014174207844684413,0.0014174207844684413
3008,sUSDS,ethereum,susds_susdc,,,,,,,,,,,,,,,,,,,,,,0.000016898771660215926,0.000016898771660215926
3333,sUSDS,arbitrum,psm3_arbitrum,,,,,,,,,0.0000010258583307678466,0.00007278911683320575,0.00012876340335555629,0.000990799603080229,0.0015630513725825134,0.0016557466128152766,0.0016089135115905616,0.0018659129187306189,0.002022064632469795,0.0018466614646512692,0.003410829615226389,0.003428256033550463,0.004036893874003218,0.005542796354581128,0.02817450437180099
3333,sUSDS,base,psm3_base,,,,,,,0.10689030195678378,0.606369572512457,0.5701352899458739,0.5145752906515418,0.5652361955788883,0.7238968675094424,0.6680215593996899,1.0554072276893922,0.9808339374022422,0.9004645073841524,0.7115666406757215,0.4083864128524269,0.4808835679965787,0.48457409314762717,0.4808706172269296,0.34560707973156535,9.603719161661314
4001,USDS,ethereum,usds_ref4001,,,,,,,,,,,,,,,12200.287654194992,34070.235427067135,28435.58551280574,25260.478584246357,29059.501666005646,23206.767740808675,22600.09633102555,16695.82737396457,191528.78029011868
4011,sUSDS,ethereum,susds_susdc,,,,,,,,,,,,,,,,,,,,,0.007311948886059996,3.746222466142221e-14,0.007311948886097458
4012,spUSDC,ethereum,sp,,,,,,,,,,,,,,,,,,,,,0.00010305554076857985,0.00013210112511657322,0.00023515666588515307
9001,USDS,ethereum,usds_aave,,17845.470418758843,32496.702241141193,9685.45271933533,69461.46968551146,156919.9006692738,161850.5204630886,144005.82231683523,112534.09673117401,31437.636008360754,12274.173066464622,7791.5309126247885,10235.68026700184,15695.485805060795,16541.72309462026,24660.408532270038,17637.13469130975,14381.456448326928,19582.080606333413,15706.362684071682,9626.615072541761,5016.775142954584,905386.4975770597
9998,sUSDS,base,psm3_base,,,,,,,,,0.00037847177556604174,0.0024646516588322336,0.006476266916977257,0.0024872395274152382,3.791455669117523,0.0010495162083291394,0.0017952852738089642,0.002011429450620852,0.0008878885804578183,0.0018056617723545935,0.000919201318099708,0.0006914550557540854,0.0002558217756159921,0.00020438725538789138,3.8128829456867432
13425,sUSDS,ethereum,susds_susdc,,0.1431066418942096,0.1761224427674841,0.18339136094812628,0.185223327709338,0.16879448422892152,0.18795133393983973,0.18263998982775023,0.10053245235369479,0.00018890724425342064,0.00019592345035852622,0.0001966735365822224,0.00019106849833277982,0.00019820407768289823,0.00019252750102133714,0.00019965251266851618,0.00016701922474331475,0.0001513350071333493,0.00016807214288336748,0.00016315212687630193,0.0001690995299690779,0.0001367428537012925,1.3300804113755709
13425,USDS-SKY,ethereum,farms,,0.03271355387985628,,,,,,,,,,,,,370.40271459148244,1029.0974125257135,858.006949414216,774.9740188257434,858.0099988032631,641.1623492109939,9.669231707178573,7.797767505789175,4549.15315613826
