ref_code,token,2024-09,2024-10,2024-11,2024-12,2025-01,2025-02,2025-03,2025-04,2025-05,2025-06,2025-07,2025-08,2025-09,2025-10,2025-11,2025-12,2026-01,2026-02,2026-03,2026-04,2026-05,total_dr_usd
-999999,spETH,,,,,,,,,,,,,,0,0,0,0,0,0,0,0,0
-999999,stUSDS,,,,,,,,,,,,,,18189.70775590551,38392.69112774795,34483.22990336034,2567.4988439364956,2940.9735911145144,8379.94323509293,3403.747757722058,3088.483446600105,111446.2756614799
-999999,USDS-CLE,1723.6920202524464,9340.458411692249,8895.985037401835,6963.367239195586,6361.5054967709775,4467.28289007443,4218.210859257115,3861.685888545295,3898.7624365131383,3475.118244884933,3432.990434304532,3003.4071595807663,993.1211996278436,1837.3868721759745,2071.6401138393558,3043.555905946383,3577.671967725463,2132.665476014649,1631.1025462245539,1235.529987281137,893.9614049883403,77059.10159229701
-999999,USDS-SKY,75116.03443617138,181366.6355993637,148973.66017993915,109451.23108192331,84897.86629267626,27842.189682601907,25897.554620375224,24371.989009874073,23359.284325510216,17346.651770641405,14825.209311820323,13868.566646110778,11976.462017914973,11049.742973151673,9515.9477855527,9891.875621975152,8027.601556603575,4570.906514113384,4471.409977448357,3634.3821006577014,3717.3555294356265,814172.557033861
-999999,USDS-SPK,,,,,,,,,,182.2250906234949,25651.738095080127,25559.71265035364,13171.135908265445,4351.436152677302,1463.1243687486553,643.1814057557207,445.268378188312,208.5922308892758,351.4855199287977,397.73319432184815,172.48471755420894,72598.11771238683
0,spUSDC,,,,,,,,,,,,,,,,,,,,4.772900470832357e-7,0.000014911404290310883,0.00001538869433739412
0,stUSDS,,,,,,,,,,,,,,36.67546250137464,64.43892638482572,55.30583890452397,0.0048703328296245,0.004434183849103175,0.004937199097313402,0.004801662105313361,0.004991336380264062,156.44426250498594
0,sUSDC,,,,,,,,,,4629.587340101209,9198.946928802152,15869.171846383912,6073.49080777259,3854.254322295847,2227.332929275955,44.73485785869837,35.700642793391154,31.872545359592483,34.766226635492295,29.802220282075705,23.72967208439654,42053.3903396453
0,sUSDS,474.5074003822152,8164.17961583328,10401.038998041566,11525.336631591694,32263.42339034536,18255.407418324725,8292.155016715973,7586.504210698294,7915.770444780208,4693.855075672737,4442.0173863175705,3968.4720882222664,3757.215886906586,3550.3125123660498,2687.4761350839744,2823.0345880430946,1962.2143074942933,1004.4635239598531,3118.931178247392,9686.652415387503,14812.28084932782,161385.24907374245
0,USDS-CLE,,,,,118.4355573440726,13.692982902488524,0.0005080705250888329,0.0004916811533117738,0.0005080705250888329,0.0004916811533117738,0.0005080705250888329,0.0005080705250888329,0.0004916811533117738,0.0005080705250888329,0.0004916811533117738,0.0005080705250888329,0.00042360231015337035,0.0003826085382030442,324.5719582459788,1121.4381124454737,340.38485218245245,1918.5292844790783
0,USDS-SKY,4.401314091599466,11.203737004808728,,0.000002462503109503134,3524.6171423948526,3972.354163381988,4539.834965420368,5560.125177195898,5410.969680679668,6411.146737140767,2890.874700574073,1773.4041185570652,3141.946773080427,2492.1769560649745,400.40465450305976,112.58876518670374,93.87074582121544,84.776512549346,4.305060941002724,0.21051423973706793,0.21832827918148145,40429.43004956924
0,USDS-SPK,,,,,,,,,,0.00019453477318019495,0.0010618673974356605,0.0010618673974356605,0.0014587430536138566,0.0015699379225244923,0.0015192947637333797,0.0015699379225244923,0.0013089311383739147,0.0011822603830474066,180.5964086193762,179.82666709926752,115.57689776385295,476.0109008572486
1,stUSDS,,,,,,,,,,,,,,5515.856264150469,2822.859095309907,5440.326377182757,1800.5532416249334,3037.922469958642,2945.793944362508,3010.9825794125554,3711.545437176375,28285.83940917814
1,sUSDS,,,,0.0003645113459577506,26304.430575435526,67019.15989720436,39394.05351551151,34098.98524414246,35175.36900503207,37811.83922283666,38925.76515260421,37758.82243267101,64378.03856333949,83329.17770166426,75393.0206070729,98376.7901303627,81433.3940853305,66656.72703397303,97033.39656412482,94312.71148484979,104095.72697008935,1081497.408550756
1,USDS-CLE,,,,,46.59510060761274,706.7903577216373,3579.5589954962184,4302.142483796068,5162.989467549458,5320.316723974892,4189.404510499298,4210.4721531340665,2881.1467749746353,6856.119280847898,6485.803069235147,5954.684275045502,5139.569418021427,4193.825801997757,6259.944050521851,5552.85434194411,8195.19685678184,79037.41366214941
1,USDS-SKY,,,,,2539.2014803539228,32015.58823050835,120139.26551698534,124790.53944289174,112970.08649062597,102638.2171554632,89079.95684317105,45345.64020189439,47740.6665418796,48216.00590768282,28350.573275756287,29287.411609004812,26939.33549502676,5782.404728469448,2741.322685099765,1747.612625557761,1012.7506996229465,821336.5789299943
1,USDS-SPK,,,,,,,,,,975.9058319672391,72849.96362410365,72140.53933635172,15732.001000278398,13130.821950005085,26928.25479347305,21642.30432474869,14315.545141962413,17223.42714005231,11831.24961987136,11558.71954463901,12022.194630382746,290350.9269378357
2,sUSDS,,,,,,6.775883427292598e-20,1.748481085068351e-14,1.839413266946305e-14,0.0009794940112512044,1.6094498826654752e-12,5.5852868105725776e-15,3.1680605647655165e-14,3.473630068652419e-11,5.044270667952489e-20,4.864503537380469e-18,1.510199168725796e-16,1.4896056696028504e-16,4.011132847252424e-20,7.799497394203697e-16,6.833373429511374e-16,5.326649569960683e-18,0.0009794940476718736
10,sUSDC,,,,,,,,,,,,1.5025358710190683e-7,,,,,,,,,,1.5025358710190683e-7
99,sUSDS,6031.644840299675,247657.08552496016,182546.51916893348,283058.96458263934,540698.4677580514,1134757.2840675316,1528867.2751802078,1287448.5847784257,1017445.940535451,1009999.8331909282,913831.8681123072,796722.850330469,785508.927532042,906559.0376608871,1028867.9723544505,1370897.6449879403,1259358.7707206141,1372644.1971435174,1536126.231583283,1534420.6532285425,1777928.2408257402,20521377.994107217
127,sUSDC,,,,,,,0.9410251834931754,22.898184937043847,468.7250016409917,6798.184925744376,16833.567599760434,13943.59941862608,5796.29732626103,3688.2178489076405,2803.2002858498563,7140.769821385604,7581.550624617085,6588.1118966525255,5410.520383525396,3613.3572644627193,1824.5906893255078,82514.53229687978
128,spETH,,,,,,,,,,,,,,0,0,0,0,0,0,0,0,0
128,spPYUSD,,,,,,,,,,,,,,,,7.1520391714906655,37.63970015068171,28.82185642072108,66.14825288914628,156.43827860146814,147.093285864086,443.2934130975939
128,spUSDC,,,,,,,,,,,,,,7607.236501967833,52909.03030412791,140570.55403381604,46895.92076711905,42835.730918925525,76094.73351162893,70591.1567638344,109959.02861420772,547463.3914156276
128,spUSDT,,,,,,,,,,,,,,6671.499850103087,35412.78173871799,60391.37925369181,26236.94646923012,36355.43210240577,58753.237470020336,116887.73721861334,171768.11380974218,512477.1279125246
128,sUSDC,,,,,,,7424.855810208162,37105.5468372406,136133.980067049,199962.44611640624,152592.63612019317,186661.16390105744,239631.51169695662,415476.7318264485,666301.4328489664,689296.2127458818,322316.3464257951,143123.83990346448,129826.6949206634,92073.67195945981,84611.22626291269,3502538.2974427035
128,sUSDS,,176.86743261267304,11688.067360307323,14071.077249174172,65038.30816252489,149245.26085539232,212804.5179344166,113436.6460332371,224950.29363230852,185920.25495747605,112586.03841404409,114923.4696767148,130516.82288627188,176799.46850487756,196723.43434633943,220952.27349715645,359509.234147343,487630.3667749483,771470.5200223083,795004.7506819206,744744.2761820004,5088191.948751377
128,USDS-CLE,,,6.722661370795936,628.8560548208873,1401.7409901227338,1215.0861787721126,1841.8882016263642,3236.737656454107,4295.821187207608,5271.620563464081,4869.442311573244,4128.2147658197455,5867.684963656161,7081.253195360273,5762.127213468534,8552.412126939216,6597.992371524791,4966.638171624745,3409.0875138385495,2642.9321515761326,2314.200304585357,74090.45858380543
128,USDS-SKY,,,369.46396759542154,40671.55539960491,36788.27818245504,51210.9171091269,66570.78717984898,109613.55538433875,61050.37391833408,66019.36284585253,56042.52493422946,44829.794374316545,43343.62328143249,24647.023245331457,25541.549726128836,38222.924405792386,24672.195922511175,3387.1205025728855,2561.8841931601246,1853.8637651654742,221.3950610083518,697618.1933988057
128,USDS-SPK,,,,,,,,,,399.9568656996654,271238.73652511666,609129.4596097498,548848.4853684689,421245.2309106294,330450.44027419447,286198.6848417126,235384.72552140642,206409.470236647,236624.40877949487,299366.49013705325,400011.94627833035,3845308.0353485034
129,sUSDC,,,,,,,,,,,,,,,,0.6415203110271501,2.5779557833585005,0.593354734238549,0.39290645719354683,0.213290069311691,0.5917428320463922,5.0107701871758294
129,sUSDS,,,,,,,,,,,,,,,,0.0004444596227241896,0.00043927062451319096,0.28506394519559425,0.5123431150708777,0.681231385493084,0.8954510049509302,2.3749731809577237
130,spUSDT,,,,,,,,,,,,,,0.0009179100626074357,12.839958648873228,319.2808534108773,284.5650466852062,263.830960323499,6315.989212986159,4736.493484507669,4041.56891910306,15974.569353575405
131,spUSDC,,,,,,,,,,,,,,0.00021202415400666352,0.3292901557550843,1544.8852466584206,2533.881546392776,801.1732412127271,4314.4935069948915,4674.330517664101,3911.6745866146607,17780.76814771749
132,spPYUSD,,,,,,,,,,,,,,,,0.0002692086274316935,0.001789627473493284,0.00015628070971130512,0.011998198875825343,0.008102471802866553,0.00044862620908329423,0.02276441369841147
170,sUSDS,,,,,,,,,8.277904076178812e-7,0.000010444326487678806,0.00001604584945623312,0.000016107280441664418,0.000015648235815133716,0.000016232629520848732,0.00001576772603868507,0.000016351254330525207,0.00001367863487269397,0.000012394119953646112,0.000013764867344284045,0.00001336192509272738,0.000013849008872408529,0.000174473648634147
171,sUSDS,,,,,,0.000010127386167871385,0.00011751553648708238,0.00015647984757435326,0.00030996050214913214,0.0004217029693378033,0.0004724716249304096,0.0004926597117846116,0.00047861929556732046,0.001077061076243156,0.0024241640745365873,0.0025309630623442524,0.002117276075212843,0.0019184497504329443,0.00213062374833987,0.0020682534901382225,0.0021436477705512984,0.018869975921797757
182,sUSDC,,,,,,,,,16.920943374690616,45.70244896773094,2.0960220623145305,0.14549202342417478,0.040127156016720185,0.04027373878662089,0.029148739635765617,0.0289143660807865,0.024188300674058583,0.021916858138205268,0.024340787913751535,0.023628254211820035,0.024489577658021986,65.121934207276
183,sUSDS,,,,,,,,,0.005578306001781179,0.44474255753644854,7044.161386257441,18451.035859844284,17635.19100308841,17336.562730645423,20843.092529849906,24105.194369925597,21333.384118292204,13278.929767896732,11113.764428103526,9912.967924836805,11847.596192241095,172902.33063184496
186,spETH,,,,,,,,,,,,,,,0,,0,0,0,0,0,0
186,spUSDC,,,,,,,,,,,,,,,0.4395303322862366,51.43989551740268,16.662048248800232,37.41974152657075,70.26378952665563,325.9814220217969,700.1053095796042,1202.3117367531167
186,spUSDT,,,,,,,,,,,,,,,11.634438972936989,315.92922063954785,120.67323043612677,191.96672044661977,197.63486241321885,517.1053600318809,347.9048772550314,1702.8487101953624
186,sUSDC,,,,,,,,,,,,0.0007260285232978351,29.86390928021335,24.846869520973403,401.0667628031244,651.2609611084864,840.8570368959579,1037.5779899606605,2311.077890095982,1372.0100777453858,491.56530682153044,7160.127530260837
186,sUSDS,,,,,,,,,,,0.000032683615018306355,0.017799976663263835,0.04259877699520689,0.0194166628966083,37.37366675133504,0.39100600724799917,0.04171387291158138,0.015538117677900917,0.00013062228716463693,0.0001267985497343627,0.00013142075173251016,37.90216169093125
188,spUSDT,,,,,,,,,,,,,,,,,,,5889.436200565304,12300.613915914826,7694.248891429038,25884.29900790917
188,sUSDC,,,,,,,,,,,,6283.604227775308,16471.784387961674,16943.107410495737,7109.783089417372,3055.548067150756,1186.515644986591,270.21371570191064,3530.2957858016803,6054.844329575339,944.0868165652957,61849.783475431665
188,sUSDS,,,,,,,,,,,,,,,,,,,0.00017833369195189045,0.00023153479027057536,3610.205695028978,3610.20610489746
190,spETH,,,,,,,,,,,,,,,,0,0,0,,0,,0
190,spUSDC,,,,,,,,,,,,,,,,21225.868832155822,10282.55469592626,5236.374805331464,4043.2850919580806,2760.8332165166394,2649.7470075287756,46198.663649417045
190,spUSDT,,,,,,,,,,,,,,,,160.95620016821604,119.04837295120076,62.35919818066034,152.37783182950017,135.17377143079605,85.21628261117516,715.1316571715486
190,sUSDC,,,,,,,,,,,,0.00015672603080986376,0.008556413730149842,0.00985041884599457,0.008712406257693567,67.46630955787646,85.01997124702696,44.865286155832784,42.782247560336096,25.016782642876993,0.009531331774894208,265.1874044605888
190,sUSDS,,,,,,,,,,,,,,,,,0.15824796865803675,,,7.619523117508172,6.798079782737514,14.575850868903723
191,spUSDC,,,,,,,,,,,,,,,,2910.805818727834,2164.429525847791,26.126532534716148,29.00079538485493,28.198307669192513,29.591187686639344,5188.152167851028
191,spUSDT,,,,,,,,,,,,,,,,2146.1661280286958,1238.8487513809764,5514.674890687887,8197.761337770486,11307.88327657582,22118.939640561148,50524.27402500501
191,sUSDC,,,,,,,,,,,,,,,,,,,479.85286290409726,2295.7430776396764,3357.4088108800884,6133.004751423861
192,sUSDC,,,,,,,,,,,,,,,0.0002433962944695407,51102.27687530671,56666.75697240863,41751.19588836657,48284.10945030169,37688.16905791436,26401.202999643723,261893.71148733798
194,sUSDC,,,,,,,,,,,,,,19.890875624916088,37.7707108635902,19.313430515827818,4.959356411528601,4.254706242184498,4.699019694846308,4.297611310458414,4.3797220191600745,99.565432682512
195,sUSDC,,,,,,,,,,,,,956.1961056846186,3175.459194952096,8105.614837528927,7915.428521960423,3879.943446154905,1671.219422959561,7613.53703214975,4968.323671764034,3082.914302958171,41368.63653611249
196,sUSDC,,,,,,,,,,,,,0.005651730761684867,0.02060227612901639,0.01594048395457755,0.022642150472406346,0.03179218474369862,0.22339044362254654,0.2541009830216266,0.24610223826506372,0.25458459332023686,1.0748070842908575
197,stUSDS,,,,,,,,,,,,,,16159.545842414653,17563.94093572422,17503.7386622655,6824.987655591929,6314.1497069511715,5576.068892074834,8508.93072191686,10729.876247816588,89181.23866475576
198,spUSDC,,,,,,,,,,,,,,0.002680747991990604,1.1664625125273964,0.42600580421729495,0.01632283303932794,0.014845726730358614,0.01688867231305857,0.016445239842848118,0.01713471861968889,1.676786255281964
198,spUSDT,,,,,,,,,,,,,,0.05412686862706334,0.5165882380453046,0.016959694657248905,0.0023690493436559564,0.002103243275591434,0.0022106769193196794,0.0021449891301880014,0.002221597447826913,0.5987243574461988
200,spUSDC,,,,,,,,,,,,,,,,,2.6460090789674466e-8,0.5933760123583134,5.2590070417760515,32.090505114427074,91.57472388984812,129.51761208486965
200,spUSDT,,,,,,,,,,,,,,,,,2.104809893031371,,0.4806163654193227,0.5034409367035659,0.017243205590234893,3.106110400744494
200,sUSDC,,,,,,,,,,,,,,,,,0.00002870425348069329,0.13296428431235452,0.13910432591517283,0.0000872444742922561,0.00009296878035880139,0.27227752773565905
200,sUSDS,,,,,,,,,,,,,,,,,,,,0.001338833170617315,0.003741318683540526,0.005080151854157841
202,spETH,,,,,,,,,,,,,,,,,,,0,0,0,0
202,spUSDC,,,,,,,,,,,,,,,,0.8863052750922082,0.49020432247626666,4.066820469876955,1.2271660546589254,0.17379100589278823,1.7296583136840136,8.573945441681158
202,spUSDT,,,,,,,,,,,,,,,,49.84498894658262,29.89583632690229,30.03227596138699,42.34435514159791,40.040278970950425,31.895918732273678,224.05365407969393
204,spETH,,,,,,,,,,,,,,,,,,,,0,0,0
204,spUSDC,,,,,,,,,,,,,,,,,,,3.08061438761675,4.560663661147946,,7.641278048764696
204,sUSDC,,,,,,,,,,,,,,,,,,4.011477497425718,34.515533122614144,73.57826864088607,75.96517780288262,188.07045706380853
204,sUSDS,,,,,,,,,,,,,,,,,,0.0004024997738159917,0.00011968856349788125,0.014933868711702452,0.0189899127731627,0.034445969822179026
205,spETH,,,,,,,,,,,,,,,,,0,0,0,0,0,0
205,spUSDC,,,,,,,,,,,,,,,,,0.0005315126059556268,0.008897154493447995,0.1975914559891904,0.20575776647335361,0.21277114263076857,0.6255490321927162
205,sUSDC,,,,,,,,,,,,,,,,,0.0005949248945278512,0.02430303468656318,,,,0.02489795958109103
205,sUSDS,,,,,,,,,,,,,,,,,,0.00000992926170209157,0.0000305251760292138,,,0.00004045443773130537
206,sUSDC,,,,,,,,,,,,,,,,,,,,,0.0005301148553597792,0.0005301148553597792
214,spETH,,,,,,,,,,,,,,,,,,,,,0,0
214,spUSDC,,,,,,,,,,,,,,,,,,,,,0.000006709176351375614,0.000006709176351375614
214,spUSDT,,,,,,,,,,,,,,,,,,,,,0.000006222502325439388,0.000006222502325439388
216,sUSDC,,,,,,,,,,,,,,,,,,,216.60757545032502,377.4494563617,471.8900768800071,1065.947108692032
219,sUSDS,,,,,,,,,,,,,,,,,,,,14.263484409268681,,14.263484409268681
223,spUSDC,,,,,,,,,,,,,,,,,,,,,0.0011179653773253308,0.0011179653773253308
223,spUSDT,,,,,,,,,,,,,,,,,,,,,0.00013885252024982623,0.00013885252024982623
224,sUSDS,,,,,,,,,,,,,,,,,,,,,4185.174239133086,4185.174239133086
224,USDS-SPK,,,,,,,,,,,,,,,,,,,,,396.9972962550637,396.9972962550637
303,sUSDS,,0.0010247124488725707,0.001977572486015059,0.0020591907759459458,0.0020797608237225896,0.0018952912675808341,0.002110391957258706,0.002050754083659071,0.0021269220151416772,0.002065896638457727,0.002142626128978585,0.0021508290997762996,0.0020895321933304214,0.0021675671540918105,0.0021054879009143393,0.00218340729288394,0.001826528444256747,0.0016550052580214972,0.0018380431961377704,0.0017842377183736695,0.0018492787394603788,0.03918303562287964
303,USDS-SKY,,,1.6662014137186443,41.46918041082517,,,,,,,,,,,,,,,,,,43.13538182454381
555,sUSDC,,,,,,,,,,,,,,,,,0.004045140061459296,0.0038442402801141984,0.004269400146576983,0.004144420975719957,0.0042954980263271506,0.020598699490197585
1001,sUSDS,89.14237483935457,2900.5773983924987,7092.596771291364,9406.192104460113,11674.429566501198,10499.250189251828,8184.011358195992,3487.4605007508417,3756.2283852671617,2088.221455305303,1914.746157554839,1739.457721345113,1524.5389970571916,1431.5429953242858,1298.4563456772134,1177.0697306185568,880.7104261224565,751.2827655006788,799.4060955999963,767.1871435232853,791.6348667873195,72254.14334936663
1001,USDS-CLE,6.653958418347043,163.56719880239174,214.35688843687927,278.31242593357234,309.46883586085136,181.8525175342593,353.8213431549371,357.746424150699,356.0086615278406,322.6519235871934,333.03174127949165,369.00464447024416,394.573531868778,460.54510384416005,237.06429642658537,110.78913022515485,83.08763931095572,40.056110683604395,44.25181399339283,42.28051345880464,43.59855580557125,4702.723258773713
1001,USDS-SKY,506.1993371617093,20601.776242138178,14895.287631998946,6050.85142643813,2919.5999193482617,1620.3035533392324,1393.1594143820616,2021.8576876013112,2346.0094111927565,1917.9245730523478,1811.172946575179,2788.381408995484,2475.0323599820067,1353.198390107566,3485.196918295788,3955.47083572263,1291.0061823694975,810.0991426370301,811.8272807307619,624.4763085352921,77.33646471796169,73756.16743532213
1002,sUSDS,,807.5958288356111,1255.4545788614723,1165.823350426681,2491.3924521446315,3797.176526940373,5030.03709521524,5714.5556865795,2990.1935044970496,2725.289330270801,2873.7567667098397,4481.316143783303,4504.391127187305,4570.010424431709,3047.4371568983283,2396.50827009482,1967.5988770266656,2968.784663650218,29193.3706061923,28953.37050584775,33173.24343790115,144107.30633349475
1002,USDS-CLE,,0.1400792750918087,4.4270022060427765,3.4252046956058444,0.6878976672831422,0.1693945437369074,,,,,,0.20138324908396865,0.7376665365948628,0.7751464435710199,0.9831521170084103,0.7622554211480249,0.6355282217341331,0.5740254905985719,0.8823900578933894,0.6150273113556127,0.6355282217341331,15.651681458482607
1002,USDS-SKY,,0.013796313200324036,14.23506439370786,457.15022262647204,5.263312136682425,312.24113229912103,309.61740811665913,7.28296399681033,3.562615943160674,2.319193138737993,9.861717683093907,35.42237260029618,1.4756537060531647,1.5286037156247416,1.4789769091618155,1.5282761394672093,1.274195748941338,1.150886482914757,1.274860056953132,1.233092660265811,1.274195748941338,1169.1885404162654
1004,sUSDC,,,,,,,,13.932318091609293,46.22349373363035,3.0094941736435206,1.150003652303215,0.2304129529549535,0.22108232884951678,0.025963250904445456,0.015420401989291524,0.01599107629139101,0.013377328085190165,0.012121107880297716,0.013461661079957568,0.01306759465789116,0.013543949176655162,64.88975130305595
1004,sUSDS,,,,3.8208754514062117e-16,,,1.0723451194500608e-16,1.2491022632006098e-16,2.550339284409175e-16,1.0823709462558561e-13,1.5950589015994496e-13,8.994190305453997e-14,2.129138013375967e-14,2.6226288310034928e-14,5.002602202399331e-13,6.488231129470373e-13,1.0206206994721269e-13,2.423187388107661e-14,1.8707191838908806e-13,1.5561405430258758e-13,1.1281602005267613e-13,2.136951092255323e-12
1007,sUSDS,,,,,,,,,,438.91654901332527,641.5532221354058,188.15716567980652,750.8835034204918,2441.8810718844843,862.2541941247571,1879.538861816323,1592.6490640759555,8119.972825344362,11131.847598719756,8884.39585964316,9316.851042811799,46248.900958669634
1007,USDS-SKY,,899.04910480087,2845.034683217761,2651.2709262171447,3270.1993101177177,2063.6739510533725,3835.8301775281043,7167.6872837096225,7788.974460549155,17009.947677240034,11459.498213082446,5825.295281274688,3092.011012027047,1258.2885492999574,1106.3916103555503,3550.059439215305,4114.426764723389,2601.3270434133606,98.97080055441654,2.736057282538436,0.4952005891537389,80641.16754625166
1007,USDS-SPK,,,,,,,,,,,9730.507068834768,15421.475084265061,9186.824087058623,8494.290257053635,2745.3977955847,2841.0698412168513,4375.433402403486,3023.763038076548,4628.610029240478,5225.033275171422,1445.0422017194321,67117.446080625
1015,sUSDS,,,,,12.884360501975056,218.05399156575862,184.59755617598375,7.563965869738378,0.00009035163613376628,123.649737168996,0.00009101874680782693,0.00009136720896462189,0.00008876331669781747,0.00009207824142483251,0.00008944111507294168,0.00009275113043828301,0.00007759091880595674,0.00007030461474736664,0.00007808006540593472,0.00007579440899054349,0.00007855735122780435,546.7506273812065
1016,USDS-SKY,,,,,,,,,0.0034430531426077565,0.00006020561513788106,76.64164323675116,143.36146408206565,,,,179.02163663419003,1201.0547443054502,167.53838068751205,8.978125634163069,0.14773560337865937,,1776.7472334422685
1016,USDS-SPK,,,,,,,,,,,,,,,,,,0.000024139638099304566,,0.44222242783652244,,0.44224656747462177
1017,spETH,,,,,,,,,,,,,,,,,0,0,0,0,0,0
1017,spUSDC,,,,,,,,,,,,,,,,,0.023807040909144952,0.0795510411188638,0.07221716004521904,0.04641970165585093,0.04836555786642219,0.2703605015955009
1017,spUSDT,,,,,,,,,,,,,,,,,0.04265870609635551,,,,,0.04265870609635551
1017,sUSDC,,,,,,,1.947646293662869,33.56031002531264,71.47532133934625,79.34835319772432,107.9063826474314,24.590275158166463,23.889967639652976,40.8888092228516,183.07986854212444,497.76328526472366,534.9088115180323,350.08646683524256,369.4774123713277,214.5017816300188,8.64175855028012,2542.0664502358977
1017,sUSDS,,,,,,,,0.010465716280157878,1.3820425682135233,2.2535930167651137,2.328877669520749,2.4270441844543367,3.3365553858723733,3.483967784193325,3.369425935643022,3.501956390761284,1.1035910374114648,0.013374590672049118,0.013676440935598734,0.013276087211486777,0.013760041933091015,23.25160684986757
2000,sUSDS,,,,,,,,,,,,,,,,,,,,0.0000022340667242077928,0.0000042495833570485795,0.000006483650081256372
2001,sUSDS,,,,,,,,,,,,,,,,,,0.00010802955292476468,0.0016246835496007126,82.24301693728248,8467.99352994732,8550.238279597705
2002,stUSDS,,,,,,,,,,,,,,,,,,,,,1.3613582247595745e-8,1.3613582247595745e-8
2002,sUSDS,,,,,,,,,,,,,,,,,,,174574.2755934838,116737.37465030173,3.461410622185823e-9,291311.65024378896
2003,sUSDS,,,,,,,,,,,,,,,,,,,,6.654607696408873e-15,1.3723607554654147e-8,1.3723614209261844e-8
2005,sUSDS,,,,,,,,,,,,,,,,,,,17144.96836066166,8259.87631199609,,25404.84467265775
2008,sUSDS,,,,,,,,,,,,,,,,,,,,,12035.781376578725,12035.781376578725
2222,sUSDS,,,,,,,,,,,,,,,,,,,,10.677765476597337,14.746531904549197,25.424297381146534
3000,sUSDS,,,,,,,,,,,,,,,,,,,,0.00014260407450345818,0.0020260596499545296,0.0021686637244579875
3001,sUSDS,,,,,,,,,,,,,,,,,,,,,2.6596740899378465e-8,2.6596740899378465e-8
3333,sUSDS,,,,,,,0.10689030195678363,0.6063695725124567,0.5701363158042048,0.5146480797679932,0.5653649589821247,0.7248876671124271,0.6695846107722064,1.0570629743021607,0.9824428509137807,0.9023304203030074,0.7135887053082367,0.41023307431709266,0.48429439761017856,0.4880023491775912,0.4849075110963712,9.280743789936619
4001,USDS,,,,,,,,,,,,,,,12200.287654194992,34070.235427067135,28435.58551280574,25260.478584246357,29059.501666005646,23206.767740808675,22600.09633102555,174832.9529161541
4011,sUSDS,,,,,,,,,,,,,,,,,,,,,0.0073119488860599975,0.0073119488860599975
4012,spUSDC,,,,,,,,,,,,,,,,,,,,,0.00010305554076857984,0.00010305554076857984
9001,USDS,,17845.470418758843,32496.702241141193,9685.45271933533,69461.46968551146,156919.9006692738,161850.5204630886,144005.82231683523,112534.09673117401,31437.636008360754,12274.173066464622,7791.5309126247885,10235.68026700184,15695.485805060795,16541.72309462026,24660.408532270038,17637.13469130975,14381.456448326928,19582.080606333413,15706.362684071682,9626.615072541761,900369.7224341051
9998,sUSDS,,,,,,,,,0.00037847177556604174,0.0024646516588322336,0.006476266916977258,0.002487239527415239,3.791455669117523,0.0010495162083291386,0.0017952852738089635,0.0020114294506267012,0.0008878885804628702,0.0018056617723566936,0.0009192013180997647,0.0006914550557541397,0.00025582177561604756,3.8126785584313683
10000,sUSDS,,,0.0002168264360681706,0.042212843887165966,1.2189676580740632,60.32258043815074,843.763104212298,225.40529393071415,108.12750147863011,98.38544559695717,111.80741025286409,139.44878018125434,100.56134178443564,53.731349681278246,38.356329718154484,38.81258870364706,373.74112730504976,547.4554028501722,1161.6808054506241,1570.2605074363612,1039.2658944272446,6512.386860776234
10001,sUSDS,,,,,,,2043.1521169055475,6732.260649331777,11662.588928330157,43973.92180907409,37718.85556218474,48771.91651311514,66723.57492201802,70944.55290124427,70839.36931430074,92454.62515868973,77410.0828253856,64106.05246778219,68681.04844897927,62968.00545872383,59304.6136976295,784334.6207736946
13425,sUSDS,,0.1431066418942096,0.17612244276748407,0.1833913609481263,0.185223327709338,0.16879448422892152,0.18795133393983976,0.1826399898277502,0.10053245235369478,0.00018890724425342064,0.00019592345035852616,0.00019667353658222247,0.00019106849833277985,0.00019820407768289817,0.00019252750102133714,0.00019965251266851618,0.0001670192247433148,0.0001513350071333493,0.0001680721428833675,0.00016315212687630196,0.0001690995299690779,1.3299436685218695
13425,USDS-SKY,,0.03271355387985628,,,,,,,,,,,,,370.40271459148244,1029.0974125257135,858.006949414216,774.9740188257434,858.0099988032631,641.1623492109939,9.669231707178573,4541.355388632471
