Jan,code,dr,Feb,code,dr,Mar,code,dr,Apr,code,dr,May,code,dr
USDS-SPK,0,0.001310488987,USDS-SPK,0,0.001183667472,USDS-SPK,0,180.8113488,stUSDS,0,0.004801704125,sUSDC,0,0.001104927703
sUSDS,0,1964.550323,USDS-SKY,0,84.87741088,sUSDS,0,55928.53326,sUSDS,0,9698.185954,stUSDS,0,0.004991411879
sUSDS,0,1271.179698,sUSDS,0,14971.89845,sUSDS,0,269.509709,USDS-SPK,0,180.0406911,USDS-SPK,0,115.7144537
sUSDC,0,0.05456421753,sUSDC,0,0,sUSDS,0,8620.172017,sUSDS,0,6009.952279,sUSDS,0,14829.91529
sUSDC,0,0.0000000002150210384,sUSDS,0,598.5424439,stUSDS,0,0.004937258885,sUSDS,0,52679.99581,sUSDS,0,53192.78496
USDS-SKY,0,93.98246783,sUSDC,0,0.04656541267,sUSDC,0,0.00001354298248,sUSDS,0,145.9963837,sUSDC,0,0.001253262246
sUSDS,0,4178.689038,sUSDS,0,3890.519171,sUSDS,0,3122.644378,sUSDC,0,0.1099505383,USDS-SKY,0,0.2185881266
sUSDC,0,35.68854991,sUSDC,0,31.86389923,sUSDC,0,34.74132731,sUSDS,0,5779.158185,sUSDC,0,0.000161776837
sUSDS,0,30441.28258,sUSDS,0,1005.659413,sUSDS,0,5107.64991,sUSDC,0,29.72383026,sUSDC,0,9.451060772
sUSDC,0,0,sUSDC,0,0.000000002021485493,sUSDC,0,0.0662534158,sUSDC,0,0.001669064065,sUSDS,0,4322.657776
sUSDS,0,41985.27218,sUSDC,0,0.00001219433407,USDS-SKY,0,4.310184689,USDS-SKY,0,0.2107647872,sUSDC,0,0.05243034286
sUSDC,0,0.00001345814243,stUSDS,0,0.02215359151,sUSDC,0,0.0000000003226043725,sUSDC,0,0.002027195157,sUSDS,0,80.91468576
stUSDS,0,0.02433298309,sUSDS,0,45269.52065,sUSDC,0,0,sUSDC,0,0.0002119710457,sUSDS,0,2819.350891
USDS-SKY,1,26971.39784,sUSDS,1,0.5123236466,sUSDS,1,0.5689460355,sUSDS,1,138.7682496,sUSDS,1,0.5723853775
sUSDS,1,1194.428058,sUSDS,1,111.5840719,USDS-SKY,1,2744.585321,USDS-SKY,1,1749.692579,sUSDS,1,430.5524302
stUSDS,1,8995.862238,sUSDS,1,64751.78279,USDS-SPK,1,11845.3308,sUSDS,1,451.9241835,sUSDS,1,2527.239687
sUSDS,1,129.2404475,USDS-SPK,1,17243.92592,sUSDS,1,544.4367536,stUSDS,1,3011.007519,stUSDS,1,3711.602056
USDS-SPK,1,14332.58305,sUSDS,1,1323.479374,sUSDS,1,94492.7653,sUSDS,1,91680.20647,sUSDS,1,141.0090026
sUSDS,1,79530.22824,USDS-SKY,1,5789.286764,sUSDS,1,149.4424322,sUSDS,1,2153.554815,sUSDS,1,101120.2853
sUSDS,1,0.5530224836,stUSDS,1,15177.75034,sUSDS,1,1961.695949,sUSDS,1,0.5522540495,USDS-SPK,1,12036.50307
sUSDS,1,675.8907203,sUSDS,1,548.7280191,stUSDS,1,2945.830452,USDS-SPK,1,11572.47637,USDS-SKY,1,1013.956044
USDS-SKY,1001,1292.542697,USDS-SKY,1001,811.0632971,USDS-SKY,1001,812.793492,sUSDS,1001,768.1006053,USDS-SKY,1001,77.42850814
sUSDS,1001,881.7589064,sUSDS,1001,752.1772148,sUSDS,1001,800.3577417,USDS-SKY,1001,625.2195406,sUSDS,1001,792.5773526
sUSDS,1002,1969.941296,sUSDS,1002,2972.31946,USDS-SKY,1002,1.276377355,sUSDS,1002,28987.84425,sUSDS,1002,33212.73864
USDS-SKY,1002,1.275712257,USDS-SKY,1002,1.152256232,sUSDS,1002,29228.12375,USDS-SKY,1002,1.234560248,USDS-SKY,1002,1.275712257
sUSDS,1004,0,sUSDS,1004,0,sUSDC,1004,0.004577700052,sUSDC,1004,0.004443697296,sUSDC,1004,0.003582826192
sUSDC,1004,0.004549023039,sUSDC,1004,0.008013693433,sUSDS,1004,0,sUSDS,1004,0,sUSDC,1004,0.001842825109
sUSDC,1004,0.008844224455,sUSDC,1004,0.004121839766,sUSDC,1004,0.008899978654,sUSDC,1004,0.008639449824,sUSDS,1004,0
sUSDS,1004,0,sUSDS,1004,0,sUSDS,1004,0,sUSDS,1004,0,sUSDS,1004,0
sUSDS,1004,0,sUSDS,1004,0,sUSDS,1004,0,sUSDS,1004,0,sUSDS,1004,0
USDS-SKY,1007,4119.323626,USDS-SKY,1007,2604.423061,sUSDS,1007,11145.09946,USDS-SKY,1007,2.739313652,sUSDS,1007,9327.942376
USDS-SPK,1007,4380.640905,USDS-SPK,1007,3027.361826,USDS-SPK,1007,4634.118855,USDS-SPK,1007,5231.251945,USDS-SPK,1007,1446.762045
sUSDS,1007,1594.545074,sUSDS,1007,8129.640599,USDS-SKY,1007,99.08859248,sUSDS,1007,8894.97412,USDS-SKY,1007,0.4957899613
sUSDS,1015,0.00001329779809,sUSDS,1015,0.0000120490471,sUSDS,1015,0.000013381629,sUSDS,1015,0.00006289474585,sUSDS,1015,0.00006518744833
sUSDS,1015,0.00006438549238,sUSDS,1015,0.00005833926979,sUSDS,1015,0.00006479138569,sUSDS,1015,0.00001298990824,sUSDS,1015,0.00001346342938
USDS-SKY,1016,1202.484202,USDS-SKY,1016,167.7377796,USDS-SKY,1016,8.988811117,USDS-SPK,1016,0.442748747,USDS-SKY,1016,0
sUSDC,1017,181.7740149,USDS-SPK,1016,0.00002416836834,USDS-SPK,1016,0,USDS-SKY,1016,0.1479114336,USDS-SPK,1016,0
sUSDC,1017,1.05910257,sUSDS,1017,0,sUSDC,1017,31.21127173,sUSDS,1017,0,sUSDS,1017,0
sUSDC,1017,0.000389453605,sUSDS,1017,0.001061353214,sUSDS,1017,0,sUSDC,1017,0.1181200797,sUSDC,1017,0.04517258372
sUSDC,1017,337.9591818,sUSDC,1017,0.8377520338,sUSDC,1017,0.3028227699,sUSDS,1017,0.01329189445,sUSDC,1017,2.453438812
sUSDS,1017,0.04066906314,sUSDS,1017,0.0123291605,sUSDS,1017,0,sUSDC,1017,0.0003804364076,sUSDC,1017,0.0001577690239
sUSDS,1017,0,sUSDC,1017,0.0003528813296,sUSDC,1017,0.0003919087413,sUSDS,1017,0,sUSDC,1017,0.8701859798
sUSDC,1017,14.75267566,sUSDC,1017,315.0057417,sUSDS,1017,0.01369272184,sUSDC,1017,190.5881396,sUSDC,1017,0.09289847888
sUSDS,1017,1.064235778,sUSDC,1017,6.556093278,sUSDC,1017,332.5656135,sUSDC,1017,2.889341703,sUSDS,1017,0.01377642395
sUSDS,123623963915635,0.001462257866,sUSDC,1017,28.1031644,sUSDC,1017,5.836936034,sUSDC,1017,21.16107283,sUSDS,1017,0
sUSDC,127,758.1653672,sUSDS,123623963915635,0.001003769419,sUSDS,123623963915635,0.0006836087042,sUSDS,123623963915635,0.003786740023,sUSDS,123623963915635,0.006542578874
sUSDC,127,43.77019817,USDS-SPK,127,208.8404908,sUSDS,123623963915635,0.004650947091,sUSDC,127,280.1826789,sUSDS,123623963915635,0.00656520911
sUSDC,127,592.6763897,sUSDC,127,206.4895883,sUSDC,127,5.62995298,sUSDC,127,4.58295463,sUSDC,127,297.8152285
sUSDC,127,44.38530554,sUSDC,127,624.0169524,sUSDC,127,950.0092783,sUSDC,127,906.8137852,sUSDC,127,0.5860207217
USDS-SPK,127,445.7983226,sUSDC,127,5026.553016,USDS-SPK,127,351.9038469,sUSDC,127,384.236873,sUSDC,127,306.9057588
sUSDC,127,6151.575637,sUSDC,127,8.809196725,sUSDC,127,3368.465366,sUSDC,127,2041.841316,sUSDC,127,82.12606164
sUSDC,128,40858.55001,sUSDC,127,730.0836181,sUSDC,127,316.12514,USDS-SPK,127,398.2065638,USDS-SPK,127,172.6900034
sUSDC,128,24288.55229,sUSDS,128,486206.4658,sUSDC,127,776.728474,sUSDC,128,3967.754203,sUSDC,127,43.49062545
sUSDC,128,3768.670105,sUSDC,128,9944.209208,sUSDC,128,5251.015448,USDS-SPK,128,299722.7867,sUSDC,128,31.78798077
USDS-SKY,128,24701.55999,sUSDS,128,752.5969937,sUSDC,128,3943.346798,USDS-SKY,128,1856.070175,sUSDS,128,2732.371766
USDS-SPK,128,235664.873,sUSDS,128,536.8155374,sUSDS,128,3.31622495,sUSDS,128,2171.336037,sUSDC,128,10595.97667
sUSDC,128,1227.408382,sUSDS,128,711.8893092,USDS-SKY,128,2564.933267,sUSDC,128,50305.4785,sUSDS,128,2043.433301
sUSDC,128,252556.726,sUSDC,128,85415.21686,USDS-SPK,128,236906.0317,sUSDS,128,789946.1607,sUSDC,128,1084.505636
sUSDS,128,358017.6994,sUSDC,128,589.7323607,sUSDC,128,54285.74866,sUSDS,128,3.107683828,sUSDS,128,739456.7895
sUSDS,128,781.2401726,sUSDS,128,3.156252463,sUSDS,128,1522.38083,sUSDS,128,2690.136677,sUSDS,128,1395.142317
sUSDS,128,1.756793992,sUSDC,128,44201.58786,sUSDS,128,768363.131,sUSDS,128,1140.564743,sUSDC,128,20544.06254
sUSDS,128,566.9827984,sUSDC,128,3143.425402,sUSDC,128,66237.17938,sUSDC,128,32646.30751,sUSDS,128,3.210129364
sUSDS,128,569.5547686,USDS-SPK,128,206655.1323,sUSDC,128,263.8789106,sUSDC,128,141.4106137,sUSDC,128,1638.582732
sUSDS,129,0.0004397935754,USDS-SKY,128,3391.151747,sUSDS,128,1165.06704,sUSDC,128,5122.302263,USDS-SKY,128,221.6585584
sUSDC,129,2.581023595,sUSDS,129,0.2854033521,sUSDS,128,1335.025252,sUSDS,129,0.0001477205552,USDS-SPK,128,400488.0279
USDS-SKY,13425,859.0281223,sUSDC,129,0.5940608761,sUSDS,129,0.5129530393,sUSDC,129,0.2135439226,sUSDS,129,0.895614637
sUSDS,13425,0.0001672180604,USDS-SKY,13425,775.8963685,sUSDC,129,0.3933739606,sUSDS,129,0.6818947873,sUSDC,129,0.2370497893
sUSDS,170,0.00001369491921,sUSDS,13425,0.0001515151811,USDS-SKY,13425,859.0311753,sUSDS,13425,0.0001633463861,sUSDS,129,0.0009024295058
sUSDS,171,0.001840819592,sUSDS,170,0.00001240887593,sUSDS,13425,0.0001682722231,USDS-SKY,13425,641.9254404,sUSDS,13425,0.0001693008521
sUSDS,171,0.0002789770896,sUSDS,171,0.001667954485,sUSDS,170,0.0000137812535,sUSDS,170,0.00001337783453,USDS-SKY,13425,9.680739722
sUSDC,182,0.02420912909,sUSDS,171,0.0002527793001,sUSDS,171,0.0002807357806,sUSDS,171,0.0002725177987,sUSDS,170,0.0000138654968
sUSDC,182,0.000007956360088,sUSDC,182,0.02193573216,sUSDS,171,0.001852424323,sUSDS,171,0.00179819826,sUSDS,171,0.00186374799
sUSDS,183,21358.78145,sUSDC,182,0.000007209205387,sUSDC,182,0.02436174401,sUSDC,182,0.000007772142612,sUSDS,171,0.0002824518973
sUSDC,186,841.8576747,sUSDS,183,13294.73884,sUSDC,182,0.000008006516932,sUSDC,182,0.02364860335,sUSDC,182,0.009807202683
sUSDS,186,0.0417635331,sUSDS,186,0.01555661486,sUSDS,183,11126.9947,sUSDS,183,9924.770851,sUSDC,182,0.000003223149238
sUSDC,188,1187.952126,sUSDC,186,1038.812804,sUSDS,186,0.0001307777855,sUSDS,186,0.0001269495241,sUSDS,183,11861.70111
sUSDC,190,0.003447897993,sUSDC,188,270.5587683,sUSDC,186,2313.827823,sUSDC,186,1373.642929,sUSDC,186,196.9190816
sUSDS,190,0.1584363175,sUSDS,190,0,sUSDC,188,3534.522601,sUSDC,188,6062.075488,sUSDS,186,0.0001315772152
sUSDC,190,85.11769958,sUSDC,190,0.003124117625,sUSDS,188,0.0001785459966,sUSDS,188,0.0002318104675,sUSDS,188,3614.5029
sUSDC,190,0,sUSDC,190,44.91555529,sUSDC,190,0,sUSDC,190,0,sUSDC,188,378.2078676
sUSDS,192,0,sUSDC,190,0,sUSDS,190,0,sUSDS,190,7.62859795,sUSDC,190,0.00139675551
sUSDC,192,56734.19233,sUSDS,192,0,sUSDC,190,42.82968367,sUSDC,190,25.04318623,sUSDC,190,0.002421457549
sUSDC,194,4.55961575,sUSDC,192,41800.88406,sUSDC,190,0.00346963352,sUSDC,190,0.003368067133,sUSDC,190,0
sUSDC,194,0,sUSDC,194,3.901540237,sUSDC,191,480.4238846,sUSDC,191,2298.475437,sUSDS,190,6.806173264
sUSDC,194,0.3242450548,sUSDC,194,0,sUSDS,192,0,sUSDS,192,0,sUSDC,191,1344.96444
sUSDC,194,0.08139738269,sUSDC,194,0.07375363148,sUSDC,192,48341.56144,sUSDC,192,37733.02314,sUSDS,192,0
sUSDC,195,3884.560739,sUSDC,194,0.2844758943,sUSDC,194,0,sUSDC,194,0.02278735417,sUSDC,192,10576.21532
sUSDC,196,0.03183001847,sUSDC,195,1673.208365,sUSDC,194,0.08191051371,sUSDC,194,3.973249329,sUSDC,194,0.1271857632
stUSDS,197,34098.67382,sUSDC,196,0.2236562996,sUSDC,194,0.315937889,sUSDC,194,0,sUSDC,194,0
sUSDS,2,0,stUSDS,197,31546.09788,sUSDC,194,4.306762434,sUSDC,194,0.3066894479,sUSDC,194,1.62731318
sUSDS,2,0,sUSDS,2,0,sUSDC,195,7622.596184,sUSDC,195,0.7046798921,sUSDC,194,0
sUSDC,200,0.00002873841102,sUSDS,2,0,sUSDC,196,0.2544033251,sUSDC,195,4973.532053,sUSDC,195,0.7522242449
sUSDC,205,0.0005956328633,sUSDC,200,0.1329992977,stUSDS,197,5576.135189,sUSDC,196,0.246395138,sUSDC,195,1234.250777
USDS-SKY,303,0,sUSDC,200,0.0001232387416,sUSDS,2,0,stUSDS,197,8509.002175,sUSDC,196,0.1019855591
sUSDS,303,0.001828702919,sUSDS,2001,0.0001081581866,sUSDS,2,0,sUSDS,2,0,stUSDS,197,10730.03947
sUSDS,3333,0.7124137561,sUSDS,2003,0,sUSDC,200,0.139065153,sUSDS,2,0,sUSDS,2,0
sUSDS,3333,0.002024471893,sUSDC,204,0.1757671607,sUSDC,200,0.0002046789171,sUSDS,200,0.001340408662,sUSDS,2,0
sUSDC,555,0.004049953968,sUSDC,204,0.2166859195,sUSDS,2001,0.00162661766,sUSDC,200,0,sUSDS,200,0
sUSDS,9E+19,0.05864801324,sUSDS,204,0.0003885704686,sUSDS,2002,174782.113,sUSDC,200,0.00008734292491,sUSDC,200,0
sUSDS,99,87519.75111,sUSDC,204,0.0000329891093,sUSDS,2003,0,sUSDS,200,0.000000005700508247,sUSDC,200,0.00003724291783
sUSDS,99,29456.9582,sUSDS,204,0.0000144085034,sUSDS,2005,17165.38004,sUSDC,200,0.000000005383810822,sUSDS,200,0.003745773027
sUSDS,99,42322.35795,sUSDC,204,3.623765934,sUSDC,204,0.000496249356,sUSDS,200,0.00000001003925481,sUSDS,200,0
USDS-CHRONICLE,99,209466.3109,sUSDS,205,0.000009941083499,sUSDC,204,0.3004078631,sUSDS,200,0.000000002850247894,sUSDS,200,0
sUSDS,99,42953.16715,sUSDC,205,0.02433195657,sUSDC,204,33.86211798,sUSDS,2000,0.000002236726893,sUSDS,200,0
stUSDS,99,12827.65042,sUSDS,303,0.001656975648,sUSDS,204,0.0001198310709,sUSDS,2001,82.34094224,sUSDC,200,0
sUSDS,99,1402412.745,USDS-SKY,303,0,sUSDC,204,0.3935809192,sUSDS,2002,116876.3601,sUSDS,2000,0.000004254642716
USDS-SKY,99,8037.155755,sUSDS,3333,0.4088726231,sUSDS,204,0,sUSDS,2003,0,sUSDS,2001,8478.076706
sUSDS,9998,0.0008889456081,sUSDS,3333,0.001848860034,sUSDS,205,0.00003056151273,sUSDS,2005,8269.710659,sUSDS,2002,0.000000004326071931
Spark Treasury,,101229.643,sUSDC,555,0.003848815307,sUSDC,205,0,sUSDC,204,0.400141884,stUSDS,2002,0.00000001361373944
Obex Treasury,,69952.55967,sUSDS,9E+19,0.01028157269,sUSDC,216,216.8653303,sUSDS,204,0.01444826383,sUSDS,2003,0.00000001373990474
Core-Council-Executor-Agent-1 Treasury,,66621.4854,stUSDS,99,14693.37838,sUSDS,2222,0,sUSDC,204,0.0004405062548,sUSDS,2005,0
Grove Treasury,,5970.993933,sUSDS,99,1274588.035,sUSDS,303,0.001840231281,sUSDS,204,0,sUSDS,2008,12050.1127
,,,sUSDS,99,79257.41432,USDS-SKY,303,0,sUSDC,204,73.05318274,sUSDS,204,0
,,,sUSDS,99,88985.32317,sUSDS,3333,0.003414889844,sUSDS,204,0.0005033860734,sUSDC,204,0.0001688462114
,,,sUSDS,99,38899.6993,sUSDS,3333,0.481456028,sUSDC,204,0.2120730406,sUSDS,204,0.01848110614
,,,sUSDS,99,62085.22546,sUSDC,555,0.004274480094,sUSDC,205,0,sUSDS,204,0.0005314150706
,,,USDS-CHRONICLE,99,154168.9373,sUSDS,9E+19,0.00459194745,sUSDC,206,0,sUSDC,204,0.1001694238
,,,USDS-SKY,99,4576.346663,stUSDS,99,8380.046055,sUSDC,206,0,sUSDC,204,0.03503015957
,,,sUSDS,9998,0.001807811402,sUSDS,99,1494304.78,sUSDC,206,0,sUSDC,204,30.29597478
,,,Obex Treasury,,64438.51699,sUSDS,99,76604.38492,sUSDC,216,377.8986786,sUSDC,205,0
,,,Spark Treasury,,108959.7316,sUSDS,99,86574.34205,sUSDS,219,14.28046685,sUSDC,206,0
,,,Grove Treasury,,5520.629468,sUSDS,99,91943.73094,sUSDS,2222,10.69047946,sUSDC,206,0
,,,Skybase Treasury,,28385.33201,sUSDS,99,43597.28773,sUSDS,3000,0.000002071732548,sUSDC,206,0.0002123618783
,,,Core-Council-Executor-Agent-1 Treasury,,60174.24488,USDS-SKY,99,4476.731709,sUSDS,3000,0.00003640331539,sUSDC,216,189.0372641
,,,,,,USDS-CHRONICLE,99,157931.5886,sUSDS,3000,0.000104298891,sUSDS,2222,14.7640885
,,,,,,sUSDS,9998,0.0009202955606,sUSDS,303,0.001786362145,sUSDS,224,4190.157636
,,,,,,Osero Treasury,,1158.082891,USDS-SKY,303,0,USDS-SPK,224,397.4697899
,,,,,,Grove Treasury,,5975.71327,sUSDS,3333,0.4851510541,sUSDS,3000,0.0004248842468
,,,,,,Spark Treasury,,116884.7637,sUSDS,3333,0.003432337806,sUSDS,3000,0.0009385532852
,,,,,,Core-Council-Executor-Agent-1 Treasury,,63677.22025,sUSDS,4011,0,sUSDS,3000,0.0006650342144
,,,,,,Amatsu Treasury,,2895.207228,sUSDC,555,0.004149353478,sUSDS,3001,0.00000002662839887
,,,,,,Obex Treasury,,68492.00292,sUSDS,9E+19,0.003862681953,sUSDS,303,0.001851480406
,,,,,,Ozone Treasury,,2895.207228,USDS-SKY,99,3638.707628,USDS-SKY,303,0
,,,,,,Skybase Treasury,,31862.13472,sUSDS,99,1433383.056,sUSDS,3333,0.4814431191
,,,,,,Keel Treasury,,1158.082891,sUSDS,99,82604.65199,sUSDS,3333,0.004041700023
,,,,,,,,,sUSDS,99,89220.1263,sUSDS,4011,0.007320654245
,,,,,,,,,sUSDS,99,42436.79909,sUSDC,4012,0
,,,,,,,,,sUSDS,99,76716.5207,sUSDC,555,0.001720759149
,,,,,,,,,USDS-CHRONICLE,99,142994.3611,sUSDS,9E+19,0.004004629142
,,,,,,,,,stUSDS,99,3403.777611,sUSDS,99,87527.73103
,,,,,,,,,sUSDS,9998,0.0006922782802,sUSDS,99,93640.6708
,,,,,,,,,Osero Treasury,,30035.51026,stUSDS,99,3088.529483
,,,,,,,,,Core-Council-Executor-Agent-1 Treasury,,60071.02052,sUSDS,99,82712.56635
,,,,,,,,,Spark Treasury,,109425.7568,USDS-CHRONICLE,99,158716.8192
,,,,,,,,,Obex Treasury,,64838.19983,sUSDS,99,1589499.716
,,,,,,,,,Skybase Treasury,,30721.19335,USDS-SKY,99,3721.779809
,,,,,,,,,Keel Treasury,,30045.65235,sUSDS,99,44054.16313
,,,,,,,,,Grove Treasury,,41756.28726,sUSDS,9998,0.0002561263489
,,,,,,,,,Amatsu Treasury,,75088.77565,Spark Treasury,,118591.661
,,,,,,,,,Ozone Treasury,,75088.77565,Ozone Treasury,,80183.42471
,,,,,,,,,,,,Skybase Treasury,,33872.56387
,,,,,,,,,,,,Amatsu Treasury,,80183.42471
,,,,,,,,,,,,Obex Treasury,,69573.06667
,,,,,,,,,,,,Grove Treasury,,72008.76678
,,,,,,,,,,,,Keel Treasury,,32282.00452
,,,,,,,,,,,,Launch-Agent-6 Treasury,,32073.36988
,,,,,,,,,,,,Core-Council-Executor-Agent-1 Treasury,,64146.73977