month,ref_code,source,accrued_usds,eligible_for_payment_view
2024-10,1997,skybase_pendle,300.80803836712374,False
2024-11,1997,skybase_pendle,197.70482128544543,False
2024-12,1997,skybase_pendle,156.26401169155366,False
2025-01,1997,skybase_pendle,154.43726678030666,False
2025-02,1997,skybase_pendle,149.31972376713134,False
2025-03,1997,skybase_pendle,138.39377242470482,False
2025-04,1997,skybase_pendle,16.725188007733127,False
2025-05,1997,skybase_pendle,10.023235018213564,False
2025-06,1997,skybase_pendle,8.967148419076839,False
2025-07,1997,skybase_pendle,8.912793568136445,False
2025-08,1997,skybase_pendle,8.937364988654359,False
2025-09,1997,skybase_pendle,4.376165615994683,False
2025-10,1997,skybase_pendle,0.3286696536304232,False
2025-11,1997,skybase_pendle,0.3295678089045515,False
2025-12,1997,skybase_pendle,0.330739718172114,False
2026-01,1997,skybase_pendle,0.3318514472871808,True
2026-01,1999,skybase_risk_capital,177.6857204469182,True
2026-02,1997,skybase_pendle,0.3329049989406912,True
2026-02,1998,skybase_flagship,8.620555888252163e-05,True
2026-02,1999,skybase_risk_capital,307.7580186696092,True
2026-03,1997,skybase_pendle,0.3339434963263763,True
2026-03,1998,skybase_flagship,5425.078324149193,True
2026-03,1999,skybase_risk_capital,147.27364167877954,True
2026-04,1997,skybase_pendle,0.3349734848324279,True
2026-04,1998,skybase_flagship,6454.40020769498,True
2026-04,1999,skybase_risk_capital,26.596398521464685,True
2026-05,1997,skybase_pendle,1.5143723197017869,True
2026-05,1998,skybase_flagship,7020.719853450289,True
2026-05,1999,skybase_risk_capital,30.34189158796749,True
2026-06,1997,skybase_pendle,6953.518137125108,True
2026-06,1998,skybase_flagship,4810.914277181574,True
2026-06,1999,skybase_risk_capital,20.236179487707947,True
2026-07,1997,skybase_pendle,8291.323682686629,True
2026-07,1998,skybase_flagship,4923.134510263595,True
2026-07,1999,skybase_risk_capital,21.14386762725331,True
2026-08,1997,skybase_pendle,12492.545449847752,True
2026-08,1998,skybase_flagship,5594.92538693962,True
2026-08,1999,skybase_risk_capital,27.71695008796137,True
